东方卫视4K,http://bp-resource-dfl.bestv.cn/148/3/video.m3u8
CGTN,https://0472.org/hls/cgtn.m3u8
浙江卫视4K,http://101.35.240.114:88/live.php?id=浙江卫视4K
CGTN,http://english-livetx.cgtn.com/hls/yypdyyctzb_hd.m3u8
江苏卫视4K,http://8.138.7.223/tv/jsws4k.php
CGTN俄语,https://0472.org/hls/cgtne.m3u8
广东卫视4K,http://101.35.240.114:88/live.php?id=广东卫视4K
CGTN俄语,http://russian-livews.cgtn.com/hls/LSvexABhNipibK5KRuUkvHZ7220802LSTeze9o8tdFXMHsb1VosgoT220802cd.m3u8
山东卫视4K,http://101.35.240.114:88/live.php?id=山东卫视4K
CGTN法语,https://0472.org/hls/cgtnf.m3u8
苏州4K,https://live-auth.51kandianshi.com/szgd/csztv4k_hd.m3u8
CGTN法语,http://espanol-liveali.cgtn.com/hls/LSveOGBaBw41Ea7ukkVAUdKQ220802LSTexu6xAuFH8VZNBLE1ZNEa220802cd.m3u8
河北4K,https://event.pull.hebtv.com:443/live/live101.m3u8
CGTN纪录,https://0472.org/hls/cgtnd.m3u8
南国都市4K,https://tencentplay.gztv.com/live/nanguodushi.m3u8?txSecret=550af55c0ea34ce492748481415b6dfa&txTime=1903e7b17de
CGTN纪录,https://english-livetx.cgtn.com/hls/yypdjlctzb_hd.m3u8
CCTV-卫生健康,http://nas.hssvm.com:8888/udp/225.1.1.210:5002
CGTN西语,https://0472.org/hls/cgtnx.m3u8
CCTV-电视指南,http://www.lizhinas.top:1009/rtp/239.252.219.97:5140
CGTN阿语,https://0472.org/hls/cgtna.m3u8
中国天气,http://hls.weathertv.cn/tslslive/qCFIfHB/hls/live_sd.m3u8
中国交通,http://drive.mxmy.net:8888/udp/239.3.1.188:8001
中国交通,http://drive.mxmy.net:8888/udp/239.3.1.188:8001
熊猫直播,https://gcwbndali.v.myalicdn.com/gcwbnd/ipanda1000_2/index.m3u8
直播中国,https://gcalic.v.myalicdn.com/gc/wgw05_1/index.m3u8?contentid=2820180516001
直播中国,https://gcalic.v.myalicdn.com/gc/wgw05_1/index.m3u8?contentid=2820180516001
熊猫直播,https://gcwbndali.v.myalicdn.com/gcwbnd/ipanda1000_2/index.m3u8
支持作者,https://vd3.bdstatic.com/mda-rkaittm5s06vzzyq/sc/cae_h264/1762869883709304452/mda-rkaittm5s06vzzyq.mp4
CETV-1 综合教育,http://www.lizhinas.top:1009/rtp/239.252.220.198:5140
兵团卫视,http://183.11.239.36:808/hls/7/index.m3u8
CETV-2 空中课堂,http://www.lizhinas.top:1009/rtp/239.252.219.73:5140
兵团卫视,http://120.76.248.139/live/bfgd/4200000124.m3u8
CETV-3 教育服务,http://rrs01.hw.gmcc.net:8088/PLTV/81/224/3221226722/1.m3u8
兵团卫视,http://218.13.170.98:9901/tsfile/live/0115_1.m3u8
CETV-4 职业教育,http://rrs01.hw.gmcc.net:8088/PLTV/81/224/3221226724/1.m3u8
海峡卫视,http://8.138.7.223/tv/hxws.m3u8
CGTN英语,http://english-livetx.cgtn.com/hls/yypdyyctzb_hd.m3u8
海峡卫视,http://38.64.72.148:80/hls/modn/list/4009/chunklist0.m3u8
CGTN记录,https://english-livetx.cgtn.com/hls/yypdjlctzb_hd.m3u8
海峡卫视,http://38.64.72.148:80/hls/modn/list/4009/playlist.m3u8
CGTN俄语,http://russian-livews.cgtn.com/hls/LSvexABhNipibK5KRuUkvHZ7220802LSTeze9o8tdFXMHsb1VosgoT220802cd.m3u8
海峡卫视,http://hlsbkmgsplive.miguvideo.com/migu/kailu/haixiaws/57/20230724/01.m3u8?msisdn=&Channel_ID=&ContentId=&HlsSubType=&HlsProfileId=&encrypt=
CGTN法语,http://espanol-liveali.cgtn.com/hls/LSveOGBaBw41Ea7ukkVAUdKQ220802LSTexu6xAuFH8VZNBLE1ZNEa220802cd.m3u8
农林卫视,http://120.76.248.139/live/bfgd/4200000122.m3u8
CGTN西语,http://espanol-liveali.cgtn.com/hls/LSveOGBaBw41Ea7ukkVAUdKQ220802LSTexu6xAuFH8VZNBLE1ZNEa220802cd.m3u8
农林卫视,http://8.138.7.223/【公众号：榴芒电视】/农林卫视.m3u8
CGTN阿语,http://espanol-liveali.cgtn.com/hls/LSveOGBaBw41Ea7ukkVAUdKQ220802LSTexu6xAuFH8VZNBLE1ZNEa220802cd.m3u8
农林卫视,http://124.116.183.146:9901/tsfile/live/1004_1.m3u8
CCTV4K,http://p.ytelc.com/169l/0/cctv.php?id=cctv4k
农林卫视,http://124.116.183.146:9901/tsfile/live/1004_1.m3u8?key=txiptv&playlive=1&authid=0
CCTV4美洲,https://www.wmviv.com/iptv/bc2t.php?id=cctv4m
东方卫视4K,https://bp-resource-dfl.bestv.cn/148/3/video.m3u8
CCTV4欧洲,https://www.wmviv.com/iptv/bc2t.php?id=cctv4o
北京卫视4K超,http://183.215.134.239:19901/tsfile/live/0122_1.m3u8?key=txiptv&playlive=1&authid=0
CCTV发现之旅,http://www.wmviv.com/iptv/bc2t.php?id=fxzl
苏州4K,https://tylive.kan0512.com/norecord/csztv4k_4k.m3u8
CCTV老故事,http://www.wmviv.com/iptv/bc2t.php?id=lgs
凤凰电影,http://iot-mqqt.111yao.cn:8080/live/diyp_fhdy.m3u8
CCTV中学生,http://www.wmviv.com/iptv/bc2t.php?id=zxs
龙华电影,https://cdn8.163189.xyz/live/lhdy/stream.m3u8
CGTN,http://www.wmviv.com/iptv/bc2t.php?id=cgtn
AMC电影,http://61.221.215.25:8800/hls/43/index.m3u8
CGTN纪录,http://www.wmviv.com/iptv/bc2t.php?id=cgtnjl
28岁电影,https://goodiptv.club/douyu/8884164
海峡卫视,http://www.wmviv.com/iptv/bc2t.php?id=hxws
CHC电影,http://183.237.95.108:9901/tsfile/live/1008_1.m3u8?key=txiptv&playlive=0&authid=0
四海钓鱼,http://www.wmviv.com/iptv/bc2t.php?id=shdy
万合出品,https://goodiptv.club/douyu/9220456
上视纪实人文,http://www.wmviv.com/iptv/bc2t.php?id=shjsrw
三七电影V,https://goodiptv.club/douyu/9457792
乐游,http://www.wmviv.com/iptv/bc2t.php?id=ly
二胖影视,https://goodiptv.club/douyu/10064260
苏州4K,https://tylive.kan0512.com/norecord/csztv4k_4k.m3u8
五分钟电影汇,https://goodiptv.club/douyu/8443438
河北4K,https://event.pull.hebtv.com:443/live/live101.m3u8
人在囧途,https://vip.ffzy-play.com/20221018/1953_2d6ba500/index.m3u8
农林卫视,http://120.76.248.139/live/bfgd/4200000122.m3u8
人在囧途之泰囧,https://vip.ffzy-play.com/20221018/1951_47e1adc8/index.m3u8
兵团卫视,http://liveout.btzx.com.cn/62ds9e/yil08g.m3u8
人在囧途之港囧,https://vip.ffzy-play7.com/20230112/11082_fde1a94d/index.m3u8
海峡卫视,http://8.138.7.223/tv/hxws.m3u8
佛曰影视,https://goodiptv.club/douyu/9671758
珠江卫视,http://qjrhc.jydjd.top:2911/udp/224.1.100.24:11111
倩女幽魂人间道,http://jsmov2.a.yximgs.com/bs3/video-hls/5250634317044855747_hlsb.m3u8
CGTN,http://112.27.235.94:8000/hls/17/index.m3u8
倩女幽魂妖魔道,http://jsmov2.a.yximgs.com/bs3/video-hls/5232901391302199073_hlsb.m3u8
上海卫视,http://112.27.235.94:8000/hls/28/index.m3u8
倩女幽魂道道道,http://jsmov2.a.yximgs.com/bs3/video-hls/5216294367991385255_hlsb.m3u8
重温经典,http://112.27.235.94:8000/hls/50/index.m3u8
刘哔电影,https://goodiptv.club/douyu/2632223
CCTV-4K,http://www.tszhgjj.cn:7000/rtp/239.253.93.134:6631
前任电影,https://goodiptv.club/douyu/9329242
苏州4K,http://106.53.99.30/tv/api.php?id=sztv4k
发条张的电影最TOP,https://goodiptv.club/douyu/2164691
河北4K,http://106.53.99.30/tv/api.php?id=hebtv4k
同同电影,https://goodiptv.club/douyu/10155359
CETV-01,https://zby.130519.xyz/PLTV/11/224/3221225775/index.m3u8
哈利影视,https://goodiptv.club/douyu/8475821
CETV-04,https://zby.130519.xyz/PLTV/11/224/3221226153/index.m3u8
唯爱经典影视,https://goodiptv.club/douyu/7582564
黑龙江视,https://zby.130519.xyz/PLTV/11/224/3221225722/index.m3u8
喜人电影,https://goodiptv.club/douyu/10348735
金色学堂,https://zby.130519.xyz/PLTV/11/224/3221225748/index.m3u8
噬元兽影视,https://goodiptv.club/douyu/8896723
乐游频道,https://zby.130519.xyz/PLTV/11/224/3221226157/index.m3u8
四叶草影视,https://goodiptv.club/douyu/9446117
睛彩竞技,https://zby.130519.xyz/PLTV/11/224/3221226116/index.m3u8
墨逗电影,https://goodiptv.club/douyu/9614847
睛彩广场,https://zby.130519.xyz/PLTV/11/224/3221226139/index.m3u8
大荒电影,https://goodiptv.club/douyu/3508538
CHC影迷电影,http://58.19.38.162:9901/tsfile/live/1004_1.m3u8?key=txiptv&playlive=1&authid=0
寒战,https://vip.ffzy-play6.com/20221019/157_bf0740ee/index.m3u8
CHC影迷电影HD,http://122.228.73.138:2380/hw1live.rxip.sc96655.com.huan.tv/live/lnwsCHC-HDH265_4000.m3u8
小儛电影嘚啵嘚,https://goodiptv.club/douyu/8362978
CHC家庭影院HD,http://122.228.73.138:2380/hw1live.rxip.sc96655.com.huan.tv/live/jbtygqCHCjtyyH265_4000.m3u8
广东影视,http://119.32.12.17:2901/udp/224.1.100.11:11111
CHC动作电影HD,http://122.228.73.138:2380/hw1live.rxip.sc96655.com.huan.tv/live/wqCHCdzdyH265_4000.m3u8
影视梗大叔,https://goodiptv.club/douyu/9480648
求索纪录,http://111.22.153.159:35455/itv/2000000004000000010.m3u8?cdn=hnbblive
影视英雄汇,https://goodiptv.club/douyu/10240495
求索科学,http://111.22.153.159:35455/itv/2000000004000000011.m3u8?cdn=hnbblive
影视集装箱,https://goodiptv.club/douyu/8651489
求索生活,http://111.22.153.159:35455/itv/2000000004000000008.m3u8?cdn=hnbblive
怪兽马提尼电影,https://goodiptv.club/douyu/9075333
求索动物,http://111.22.153.159:35455/itv/2000000004000000009.m3u8?cdn=hnbblive
怪味爆米花电影,https://goodiptv.club/douyu/9422144
纪实科教8K,https://gdcucc.v1.mk/gdcucc/brtv8k.m3u8
我不是药神,https://vip.ffzy-play1.com/20221018/478_c3afed66/index.m3u8
爱上4K,http://wouu.net:9977/udp/239.93.0.97:5140
拆弹专家1,https://vip.ffzy-online.com/20221015/719_80ff87c2/index.m3u8
华数4K,http://111.22.153.159:35455/itv/2000000004000000014.m3u8?cdn=hnbblive
拆弹专家2,https://vip.ffzy-online.com/20221015/722_e32c42bc/index.m3u8
求索纪录4K,http://tvbox6.icu/tv/gdmzyd.php?id=104
无际电影,https://goodiptv.club/douyu/9720498
重温经典,http://8.138.7.223/tv/cwjd.php
有部电影儿,https://goodiptv.club/douyu/9736479
搜狐剧场,https://hdl-vip-ws.qf.56.com/live/lc_11730.flv
林九影视,https://goodiptv.club/douyu/7212528
1905电影网,http://8.138.7.223/tv/1905.php?id=LIVE8J4LTCXPI7QJ5
洛克电影,https://goodiptv.club/douyu/9414884
1905电影网（国内）,http://8.138.7.223/tv/1905.php?id=LIVEOYY31H24H48NE
涛浪浪电影,https://goodiptv.club/douyu/5424258
美亚电影台,https://live.tvfix.org/live/mydy/index.m3u8
熊猫电影,https://goodiptv.club/douyu/3506483
漫威电影,http://1.94.31.214:35455/douyu/6140589
爱星影视,https://goodiptv.club/douyu/9476806
精彩影视,http://111.22.153.159:35455/itv/6000000006000320630.m3u8?cdn=wasusyt
特辑电影院,https://goodiptv.club/douyu/3637778
纪实科教,http://120.76.248.139/live/bfgd/4200000113.m3u8
独立鱼电影,https://goodiptv.club/douyu/2413555
新视觉HD,http://120.76.248.139/live/bfgd/4200000249.m3u8
猫眼电影,https://goodiptv.club/douyu/8726221
新纪实,http://bp-resource-dfl.bestv.cn/155/3/video.m3u8
玖月影视,https://goodiptv.club/douyu/9339251
上海新闻,http://bp-livetytv.bestv.cn/ch/bestvxwzh.m3u8
电影七十二变,https://goodiptv.club/douyu/9323164
海峡卫视,http://8.138.7.223/tv/hxws.m3u8
电影丧尸片,http://live.metshop.top/huya/21059578?cdn=alicdn
哒啵电竞,http://111.22.153.159:35455/itv/1000000006000032327.m3u8?cdn=ystenlive
电影先锋V,https://goodiptv.club/douyu/8711212
乐游频道,http://8.138.7.223/tv/shtv.php?id=ly
电影八点档,http://live.metshop.top/huya/880261?cdn=alicdn
金色学堂,http://111.22.153.159:35455/itv/5000000010000026105.m3u8?cdn=bestzb
电影冷知识,https://goodiptv.club/douyu/9660835
南国都市,https://tencentplay.gztv.com/live/nanguodushi.m3u8?txSecret=550af55c0ea34ce492748481415b6dfa&txTime=1903e7b17de
电影刘油果,https://goodiptv.club/douyu/3985805
重温经典,https://other.ottiptv.cc/cwjd.m3u8
电影功夫片,http://live.metshop.top/huya/11352941?cdn=alicdn
CHC影迷电影,http://148.135.93.213/live.php?id=CHC影迷电影
电影动作电影,http://live.metshop.top/huya/11602077?cdn=alicdn
凤凰资讯台,http://101.35.240.114:88/phenix.php?id=fhzx
电影吐槽汇,https://goodiptv.club/douyu/9447668
北京纪实科教8K,http://101.35.240.114:88/brtv8k.php
电影周星星,http://live.metshop.top/huya/11336587?cdn=alicdn
重温经典,http://101.35.240.114:88/live.php?id=重温经典
电影嫣然影厅,http://live.metshop.top/huya/11601977?cdn=alicdn
CGTN英语,https://0472.org/hls/cgtn.m3u8
电影小班长,https://goodiptv.club/douyu/549693
CGTN纪录,https://0472.org/hls/cgtnd.m3u8
电影幕后喵,https://goodiptv.club/douyu/8884074
鳳凰衛視中文台,http://bxtv.3a.ink/api.php?id=fhzw
电影梁家辉,http://live.metshop.top/huya/11342429?cdn=alicdn
鳳凰衛視資訊台,http://bxtv.3a.ink/api.php?id=fhzx
电影漩涡,https://goodiptv.club/douyu/8706350
鳳凰衛視香港台,http://bxtv.3a.ink/api.php?id=fhhk
电影笔记,https://goodiptv.club/douyu/9636034
千禧經典台,http://bxtv.3a.ink/api.php?id=qxjd
电影贺岁,http://live.metshop.top/huya/11601971?cdn=alicdn
無線新聞台,http://bxtv.3a.ink/api.php?id=wxxw
电影迷小雅,https://goodiptv.club/douyu/9639225
美亞電影台,http://bxtv.3a.ink/api.php?id=meiya
电影黑匣子,https://goodiptv.club/douyu/8706652
myTV SUPER 18台,http://bxtv.3a.ink/api.php?id=18
维立方电影,https://goodiptv.club/douyu/8706393
TVB Plus,http://bxtv.3a.ink/api.php?id=tvbp
老王的夜电影院,https://goodiptv.club/douyu/3498219
PopC,http://bxtv.3a.ink/api.php?id=popc
老电影故事,https://goodiptv.club/douyu/9167273
VIUTV,http://bxtv.3a.ink/api.php?id=viutv
腹黑电影,https://goodiptv.club/douyu/8867878
NOW新闻,http://bxtv.3a.ink/api.php?id=now
莱纳电影,https://goodiptv.club/douyu/9356937
NOW爆谷,https://bxtv.3a.ink/api.php?id=baogu
让子弹飞,https://vip.ffzy-play7.com/20230116/11563_b9f44814/index.m3u8
NOW爆谷星影台,https://bxtv.3a.ink/api.php?id=xingying
贝爷求生影视,https://goodiptv.club/douyu/9661369
中天新聞台,http://bxtv.3a.ink/api.php?id=ztxw
贰哥电影,https://goodiptv.club/douyu/9338867
澳视澳门,http://r.jdshipin.com/n2YZI
逐梦电影,https://goodiptv.club/douyu/4058285
澳视卫星,http://r.jdshipin.com/QFhCq
野格影视,https://goodiptv.club/douyu/9931766
台湾+,https://bcovlive-a.akamaihd.net/rce33d845cb9e42dfa302c7ac345f7858/ap-northeast-1/6282251407001/playlist.m3u8
铁血影视汇,https://goodiptv.club/douyu/9649701
TVB Plus,http://r.jdshipin.com/Nr5jq
阿苏电影,https://goodiptv.club/douyu/9037784
TVB Plus,http://r.jdshipin.com/ndGgS
韩国电影2,https://stream.ads.ottera.tv/playlist.m3u8?network_id=743
无线新闻,http://r.jdshipin.com/CkuBd
香兰爱影视,https://goodiptv.club/douyu/9487090
TVB星河,http://r.jdshipin.com/sXuuD
龙哥盘电影,https://goodiptv.club/douyu/9736161
TVB星河,http://r.jdshipin.com/Voac4
龙门飞甲,http://jsmov2.a.yximgs.com/bs3/video-hls/5203346449046555193_hlsb.m3u8
华丽翡翠台,http://r.jdshipin.com/thuYX
重温经典,https://other.ottiptv.cc/cwjd.m3u8
ViuTV,http://r.jdshipin.com/vSJvl
纪实科教8K,http://111.31.106.140/downflv.brtvcloud.com/8klive/8kliveok.m3u8
ViuTV,http://r.jdshipin.com/TcKr2
南国都市,https://tencentplay.gztv.com/live/nanguodushi.m3u8?txSecret=550af55c0ea34ce492748481415b6dfa&txTime=1903e7b17de
HOY TV,http://r.jdshipin.com/sFw4S
新视觉,http://120.76.248.139/live/bfgd/4200000249.m3u8
南国都市,http://r.jdshipin.com/nWaZO
纪实科教,http://120.76.248.139/live/bfgd/4200000113.m3u8
海峡卫视,http://r.jdshipin.com/WtYt3
广东少儿,http://gmxw.7766.org:808/hls/175/index.m3u8
咪咕视频4K,http://r.jdshipin.com/ln4xk
广东少儿,http://119.32.12.17:2901/udp/224.1.100.9:11111
咪咕视频4K-2,http://r.jdshipin.com/Lqdwf
动画魂,https://goodiptv.club/douyu/9393242
翡翠台 backup,http://api.kkitv.itv888.vip:8080/streams/jutaw8wu0j9/index.m3u8
漫尼动画,https://goodiptv.club/douyu/10364790
iNews新闻台,http://api.kkitv.itv888.vip:8080/streams/o0ey7z1y0y/index.m3u8
立秋动画,https://goodiptv.club/douyu/10351891
HOY资讯台,http://api.kkitv.itv888.vip:8080/streams/o6fp2zqodp/index.m3u8
韩国EBS少儿,http://ebsonairios.ebs.co.kr/ebsutablet500k/tablet500k/playlist.m3u8
RHK 31,http://api.kkitv.itv888.vip:8080/streams/au9u4ktua3t/index.m3u8
0小行家0,https://goodiptv.club/douyu/9280356
RHK 32,http://api.kkitv.itv888.vip:8080/streams/emzampd6m1i/index.m3u8
11No巴蒂11,https://goodiptv.club/douyu/9455937
VIUTV1,http://api.kkitv.itv888.vip:8080/streams/i76tznm59xp/index.m3u8
1900影剧室,https://goodiptv.club/douyu/7796193
Viu6,http://api.kkitv.itv888.vip:8080/streams/bvdslcl5cts/index.m3u8
3030相声小品,https://goodiptv.club/douyu/9286868
珠江卫视,http://iptv.4666888.xyz/iptv2A.php?id=19
3秒爱上学习V,https://goodiptv.club/douyu/9541736
美亚电影,http://iptv.4666888.xyz/iptv2A.php?id=30
5毒士,https://goodiptv.club/douyu/9406600
有线新闻,http://iptv.4666888.xyz/iptv2A.php?id=31
7师傅,https://goodiptv.club/douyu/17732
龙华电影,http://iptv.4666888.xyz/iptv2A.php?id=45
9iota,https://goodiptv.club/douyu/8881729
凤凰资讯高清,http://cdn6.163189.xyz/163189/fhzx
AK萌虎,https://goodiptv.club/douyu/4049310
凤凰电影,http://iot-mqqt.111yao.cn:8080/live/diyp_fhdy.m3u8
Acer丶宏正,https://goodiptv.club/douyu/10670244
星空国际,http://iot-mqqt.111yao.cn:8080/live/diyp_starmovies.m3u8
Angela小兔,https://goodiptv.club/douyu/9617766
澳门卫视,http://php.jdshipin.com:8880/TVOD/iptv.php?id=as
A有个水友A,https://goodiptv.club/douyu/3543472
澳视澳门,http://php.jdshipin.com:8880/TVOD/iptv.php?id=asam
Bella贝拉酱,https://goodiptv.club/douyu/9663084
澳亚卫视,http://cdn9.163189.xyz/live/as/stream.m3u8
BetterMan北北,https://goodiptv.club/douyu/8507023
莲花卫视,http://live-hls.macaulotustv.com/lotustv/macaulotustv.m3u8
Biu餐厅主管,https://goodiptv.club/douyu/7921708
TVB无线新闻,http://cdn9.163189.xyz/smt1.1.php?id=inews_twn
BuriedAlien的号,https://goodiptv.club/douyu/9440728
TVB无线新闻（备用）,http://erp.giihgtidg.com:8080/live/wxxw01.m3u8
CF柒年,https://goodiptv.club/douyu/9087887
TVB无线星河,http://php.jdshipin.com:8880/smt.php?id=Xinhe
Cloud猪,https://goodiptv.club/douyu/527502
TVB娱乐新闻,http://ali.hlspull.yximgs.com/live/6425965d63a08c85ca806bfcc8c75cf4.flv
CmoStar,https://goodiptv.club/douyu/10282256
TVB翡翠台（备用）,http://erp.giihgtidg.com:8080/live/jade01.m3u8
Co视文化,https://goodiptv.club/douyu/1060418
TVB翡翠台 1080P,http://php.jdshipin.com:8880/TVOD/iptv.php?id=fct3
C座802,https://goodiptv.club/douyu/8768943
华丽翡翠台,http://cdn9.163189.xyz/smt1.1.php?id=Tvbjade
DS女老诗,https://goodiptv.club/douyu/563536
TVB J1,http://cdn3.163189.xyz/live/j1/stream.m3u8
Devil青酱,https://goodiptv.club/douyu/9510544
TVB Plus,http://bxtv.3a.ink/api.php?id=tvbp
Ethan清醒思考,https://goodiptv.club/douyu/9481151
千禧经典,http://cdn9.163189.xyz/smt3.1.1.php?id=Tvbclassic
FGO丶Master1,https://goodiptv.club/douyu/9477851
星光影视,http://ali.hlspull.yximgs.com/live/zxcvbnm9852.flv
Fatal飞雪,https://goodiptv.club/douyu/8813596
环球电视,http://utv1.hqtvzb.com:9999/hls/world.m3u8
Hi欣欣,https://goodiptv.club/douyu/11996166
耀才财经,https://v3.mediacast.hk/webcast/bshdlive-pc/chunklist_w99771165.m3u8
JhZj丶天明,https://goodiptv.club/douyu/1006179
民视,rtmp://f13h.mine.nu/sat/tv051
Jonas888,https://goodiptv.club/douyu/6054446
台视,rtmp://f13h.mine.nu/sat/tv071
KBShinya,https://goodiptv.club/douyu/8970851
中视,rtmp://f13h.mine.nu/sat/tv091
KUMA轻松熊博士,https://goodiptv.club/douyu/2282604
华视,rtmp://f13h.mine.nu/sat/tv111
KyoKyo不是QQ,https://goodiptv.club/douyu/4732337
台视新闻,http://38.64.72.148/hls/modn/list/4013/chunklist1.m3u8
LOUIS樱,https://goodiptv.club/douyu/9235284
中天新闻,https://v.hystudio.cn:8088/live/yifatv-ztxw0.m3u8
LR1245,https://goodiptv.club/douyu/12534632
中天娱乐,https://gdfire2.67890123.cn:8088/live/ztxw201.m3u8
MJ小林大人嗷,https://goodiptv.club/douyu/9204381
华视新闻,http://litv.zapi.us.kg/?id=4gtv-4gtv052
MK青凌,https://goodiptv.club/douyu/9488836
中视新闻,http://198.16.100.186:8278/zhongshinews_twn/playlist.m3u8?tid=MD0D3377711133777111&ct=19249&tsum=ffaee3fe7040c96643b3c7f12bf2de8d
Melo的健身课堂,https://goodiptv.club/douyu/9306609
三立综合,http://live4play.uk/livehttpplay?channel_id=12038
MordonFreeman是谁,https://goodiptv.club/douyu/9524579
三立都会,http://live4play.uk/livehttpplay?channel_id=20100
OE档案,https://goodiptv.club/douyu/6725858
三立戏剧,http://61.221.215.25:8800/hls/41/index.m3u8
OneGuy丶,https://goodiptv.club/douyu/9734098
非凡新闻,rtmp://f13h.mine.nu/sat/tv581
Only丶邵氏,https://goodiptv.club/douyu/4246519
寰宇新闻,https://gdfire2.67890123.cn:8088/live/hyxw01.m3u8
OooOlivia奥莉蕉,https://goodiptv.club/douyu/9678862
年代新闻,http://198.16.100.186:8278/niandainews_twn/playlist.m3u8?tid=MBCB9184423891844238&ct=19249&tsum=ac0331d98099429b19c53fe6d20972ec
PhantomStrider,https://goodiptv.club/douyu/9683911
东森新闻,https://gdfire2.67890123.cn:8088/live/dsxw01.m3u8
Poison丶冰冰,https://goodiptv.club/douyu/74374
东森财经,http://live4play.uk/livehttpplay?channel_id=20078
Psyman塞门,https://goodiptv.club/douyu/9753585
东森戏剧,http://live4play.uk/livehttpplay?channel_id=20072
QLIMES,https://goodiptv.club/douyu/1039732
美亚电影,http://ali.hlspull.yximgs.com/live/awei_mydy.flv
RNDxc,https://goodiptv.club/douyu/4585643
民视新闻台,http://live4play.uk/livehttpplay?channel_id=20097
Rabbit每日爆料,https://goodiptv.club/douyu/9685652
民视台湾台,https://smart.pendy.dpdns.org/Smart.php?id=ftvtaiwan_twn
Red袖袖,https://goodiptv.club/douyu/9645396
民视第一台,https://smart.pendy.dpdns.org/Smart.php?id=lunghuajingdian_twn
SH11N,https://goodiptv.club/douyu/9650451
民视综艺台,http://litv.zapi.us.kg/?id=4gtv-4gtv004
Starshine刹那,https://goodiptv.club/douyu/9191006
民视影剧台,http://litv.zapi.us.kg/?id=litv-ftv09
Svip丶YoYo,https://goodiptv.club/douyu/3472959
中天亚洲台,http://livetv.skycf.eu.org/live.m3u8?c=3
TFBOYS饭团,https://goodiptv.club/douyu/9565765
中视菁采,http://litv.zapi.us.kg/?id=4gtv-4gtv064
TSSS映画,https://goodiptv.club/douyu/9749339
美亚C+,http://ottproxy2.ist.ooo/livehls/MOB-U1-NO/03.m3u8
TUOK肖恩,https://goodiptv.club/douyu/9392433
MOMO TV,rtmp://f13h.mine.nu/sat/tv761
UP主DJC,https://goodiptv.club/douyu/9429545
纬来日本,rtmp://f13h.mine.nu/sat/tv771
WANJINNY,https://goodiptv.club/douyu/9567755
纬来精采,http://61.221.215.25:8800/hls/48/index.m3u8
W总动员,https://goodiptv.club/douyu/9480767
大爱1台,https://pulltv1.wanfudaluye.com/live/tv1.m3u8
XCin888,https://goodiptv.club/douyu/3617935
大爱2台,https://pulltv2.wanfudaluye.com/live/tv2.m3u8
a5dmin,https://goodiptv.club/douyu/1102973
大立电视台,http://www.dalitv.com.tw:4568/live/dali/index.m3u8
a萌小翘臀,https://goodiptv.club/douyu/7552568
TVBS新闻台,http://61.221.215.25:8800/hls/9/index.m3u8
baby丶贝贝,https://goodiptv.club/douyu/431460
TVBS欢乐台,http://litv.zapi.us.kg/?id=4gtv-4gtv068
dy荒野建造,https://goodiptv.club/douyu/10039437
番薯台,http://61.216.67.119:1935/TWHG/E1/chunklist_w705811302.m3u8
epcdiy,https://goodiptv.club/douyu/8759268
人间卫视,http://61.216.67.119:1935/bltvhd/bltv1/chunklist_w1266569526.m3u
fans圈娱乐,https://goodiptv.club/douyu/9630581
八大戏剧台,http://61.221.215.25:8800/hls/39/index.m3u8
gslaini,https://goodiptv.club/douyu/6997954
AMC电影台,http://122.117.71.103:8559/http/61.222.53.250:8092/upload/115/AMC_TS-1111_1.m3u8
illit礼,https://goodiptv.club/douyu/12065549
CAT电影,http://litv.zapi.us.kg/?id=4gtv-4gtv076
kk6506,https://goodiptv.club/douyu/4579455
龙华电影,https://cdn8.163189.xyz/live/lhdy/stream.m3u8
ljgdy,https://goodiptv.club/douyu/1600769
龙华洋片,https://cdn8.163189.xyz/live/lhyp/stream.m3u8
low君热剧,https://goodiptv.club/douyu/8461020
龙华经典,https://cdn8.163189.xyz/live/lhjd/stream.m3u8
mad叶月Mashiro灬,https://goodiptv.club/douyu/9192932
龙华卡通,https://cdn8.163189.xyz/live/lhkt/stream.m3u8
mn静静nm,https://goodiptv.club/douyu/5668371
龙华偶像,https://cdn8.163189.xyz/live/lhox/stream.m3u8
mzx阿哲,https://goodiptv.club/douyu/9483965
龙华日韩,https://cdn8.163189.xyz/live/lhrh/stream.m3u8
py86阿,https://goodiptv.club/douyu/8849954
龙华戏剧,https://cdn8.163189.xyz/live/lhxj/stream.m3u8
sekai的光子,https://goodiptv.club/douyu/9564766
靖天电影,http://live4play.uk/livehttpplay?channel_id=12037
sweet夏有甜,https://goodiptv.club/douyu/4808115
港台电视31,https://cdn5.163189.xyz/live/rthk31/stream.m3u8
xiaoxiao1004,https://goodiptv.club/douyu/2569874
港台电视32,https://cdn5.163189.xyz/live/rthk32/stream.m3u8
一个机智张张,https://goodiptv.club/douyu/9653063
HOY78,http://cdn.163189.xyz/live/hoy/stream.m3u8
一束光开始,https://goodiptv.club/douyu/8662684
ASTRO AOD,http://cdn9.163189.xyz/smt1.1.php?id=Aodhd
一条正弦sin,https://goodiptv.club/douyu/9497985
DAZN体育1,rtmp://f13h.mine.nu/sat/tv731
一条闲木鱼,https://goodiptv.club/douyu/10102281
DAZN体育2,rtmp://f13h.mine.nu/sat/tv741
一目十影,https://goodiptv.club/douyu/3643605
ELEVEN体育1,https://stream1.freetv.fun/eltaai-er-da-ti-yu--1--wj-1.ctv
一颗咕咕星,https://goodiptv.club/douyu/9388557
ELEVEN体育2,https://stream1.freetv.fun/eltaai-er-da-ti-yu--2--wj-1.ctv
一颗糖糖canddy,https://goodiptv.club/douyu/9192852
ELEVEN体育3,https://stream1.freetv.fun/eltaai-er-da-ti-yu--3--wj-1.ctv
万事通熊猫,https://goodiptv.club/douyu/7812810
韩国电影1,https://stream.ads.ottera.tv/playlist.m3u8?network_id=595
万合鲜肉老师,https://goodiptv.club/douyu/9815091
韩国电影2,https://stream.ads.ottera.tv/playlist.m3u8?network_id=743
三个老爸实验室,https://goodiptv.club/douyu/9090487
凤凰卫视台,http://php.jdshipin.com/TVOD/iptv.php?id=fhzw
三代鹿人v,https://goodiptv.club/douyu/9629717
凤凰资讯台,http://php.jdshipin.com/TVOD/iptv.php?id=fhzx
三国颜老师,https://goodiptv.club/douyu/12253936
翡翠台北美版,http://php.jdshipin.com:8880/TVOD/iptv.php?id=j1
三年辅助一场空,https://goodiptv.club/douyu/5251148
TVB Plus,http://php.jdshipin.com/TVOD/iptv.php?id=j2
三斤呦,https://goodiptv.club/douyu/9047933
VIUTV,http://php.jdshipin.com/TVOD/iptv.php?id=viutv
三新动漫,https://goodiptv.club/douyu/9548279
VIUTV,http://php.jdshipin.com/TVOD/iptv.php?id=viutv2
上来先丢大v,https://goodiptv.club/douyu/9566154
无线新闻台,http://php.jdshipin.com:8880/smt.php?id=inews_twn
不二真探,https://goodiptv.club/douyu/10319545
RTHK31,http://php.jdshipin.com:8880/TVOD/iptv.php?id=rthk31
不会骑马的健身少年,https://goodiptv.club/douyu/8862198
RTHK32,http://php.jdshipin.com:8880/TVOD/iptv.php?id=rthk32
不思异剧场,https://goodiptv.club/douyu/9297412
HOY TV,http://php.jdshipin.com/TVOD/iptv.php?id=hoytv
世界未解之谜M,https://goodiptv.club/douyu/9369468
澳视澳门,http://php.jdshipin.com:8880/TVOD/iptv.php?id=asam
世界纪录大全,https://goodiptv.club/douyu/9406359
澳视卫星,http://php.jdshipin.com:8880/TVOD/iptv.php?id=as
丛林工程师,https://goodiptv.club/douyu/9804149
八度空间,https://cdn6.163189.xyz/163189/8tv
中二大帝妮可姬,https://goodiptv.club/douyu/9612400
CH5,https://cdn6.163189.xyz/163189/ch5
中二的枫哲酱,https://goodiptv.club/douyu/9541849
CH8,https://cdn6.163189.xyz/163189/ch8
丶最紧要好玩,https://goodiptv.club/douyu/6361974
CHU,https://cdn6.163189.xyz/163189/chu
丶清风浊酒丶,https://goodiptv.club/douyu/5918434
千禧经典台,http://php.jdshipin.com:8880/smt.php?id=Tvbclassic
主播拍个肚皮,https://goodiptv.club/douyu/9387499
美亚电影台,http://php.jdshipin.com:8880/smt.php?id=meiyamovie_twn
久远丶酱,https://goodiptv.club/douyu/9046649
天映频道,http://php.jdshipin.com:8880/smt.php?id=Celestial
乌拉吖有剧,https://goodiptv.club/douyu/10075154
Astro AOD,http://php.jdshipin.com/TVOD/iptv.php?id=aod
乐儿丶Ler,https://goodiptv.club/douyu/8221699
Astro AEC,http://php.jdshipin.com/smt.php?id=AEC
九仙人儿,https://goodiptv.club/douyu/8669085
爱奇艺,http://php.jdshipin.com/smt.php?id=Qiyi
九冢嵬,https://goodiptv.club/douyu/9393501
Astro QJ,http://php.jdshipin.com/smt.php?id=Quanjia
九颗鸭梨,https://goodiptv.club/douyu/12065801
Astro欢喜台,http://php.jdshipin.com/smt.php?id=Huahee
乡村水龙,https://goodiptv.club/douyu/9486905
华丽翡翠台,http://php.jdshipin.com/TVOD/iptv.php?id=huali2
乡间大路上,https://goodiptv.club/douyu/9850661
亚洲武侠,http://php.jdshipin.com/TVOD/iptv.php?id=yzwx
书岳钓鱼,https://goodiptv.club/douyu/10100206
TVB生活台,http://php.jdshipin.com/TVOD/iptv.php?id=tvbsh
二次元fans鹿鹿,https://goodiptv.club/douyu/8661526
TVB娱乐新闻台,http://php.jdshipin.com/TVOD/iptv.php?id=tvbylxw
云襄白羽,https://goodiptv.club/douyu/10508677
无线新闻台,http://php.jdshipin.com/TVOD/iptv.php?id=wxxw
京城笑工坊,https://goodiptv.club/douyu/10329324
TVB星河,http://php.jdshipin.com/TVOD/iptv.php?id=xinghe
亮亮也是酿酿,https://goodiptv.club/douyu/4340136
NOW NEWS,http://cdn.163189.xyz/163189/now
人生回答机本机,https://goodiptv.club/douyu/9409722
澳视卫星,https://cdn6.163189.xyz/163189/as
人类早期驯服,https://goodiptv.club/douyu/8892864
澳视澳门,https://cdn6.163189.xyz/163189/asam
仓鼠大逃亡,https://goodiptv.club/douyu/10354920
澳门体育,http://cdn6.163189.xyz/163189/amty
伊太刀刀,https://goodiptv.club/douyu/747764
澳门综艺,http://cdn6.163189.xyz/163189/amzy
伊西wind,https://goodiptv.club/douyu/12641373
iHOT 爱喜剧,http://111.22.153.159:35455/itv/2000000004000000032.m3u8?cdn=hnbblive
你的瑜伽女孩,https://goodiptv.club/douyu/10205199
iHOT 爱科幻,http://111.22.153.159:35455/itv/2000000004000000033.m3u8?cdn=hnbblive
你真像个小丑,https://goodiptv.club/douyu/10730187
iHOT 爱院线,http://111.22.153.159:35455/itv/2000000004000000034.m3u8?cdn=hnbblive
你顶亲亲的前女友,https://goodiptv.club/douyu/8896746
iHOT 爱浪漫,http://111.22.153.159:35455/itv/2000000004000000035.m3u8?cdn=hnbblive
俩个麻瓜,https://goodiptv.club/douyu/10121755
iHOT 爱悬疑,http://111.22.153.159:35455/itv/2000000004000000036.m3u8?cdn=hnbblive
倓张TanZ,https://goodiptv.club/douyu/9687221
iHOT 爱谍战,http://111.22.153.159:35455/itv/2000000004000000038.m3u8?cdn=hnbblive
傲娇一喵喵,https://goodiptv.club/douyu/9392610
iHOY 爱历史,http://111.22.153.159:35455/itv/2000000004000000046.m3u8?cdn=hnbblive
傲娇的超级赛亚人,https://goodiptv.club/douyu/4373285
iHOT 爱科学,http://111.22.153.159:35455/itv/2000000004000000047.m3u8?cdn=hnbblive
光之镇魂曲,https://goodiptv.club/douyu/12684513
iHOT 爱幼教,http://111.22.153.159:35455/itv/2000000004000000049.m3u8?cdn=hnbblive
兔兔MC维辰软桃团,https://goodiptv.club/douyu/8266799
iHOT 爱玩具,http://111.22.153.159:35455/itv/2000000004000000053.m3u8?cdn=hnbblive
八幡老师1,https://goodiptv.club/douyu/9272043
iHOT 爱赛车,http://111.22.153.159:35455/itv/2000000004000000055.m3u8?cdn=hnbblive
关云猖,https://goodiptv.club/douyu/8820996
iHOT 爱旅行,http://111.22.153.159:35455/itv/2000000004000000056.m3u8?cdn=hnbblive
养狗的一浩,https://goodiptv.club/douyu/9478842
iHOT 爱奇谈,http://111.22.153.159:35455/itv/2000000004000000058.m3u8?cdn=hnbblive
内蒙卡秋,https://goodiptv.club/douyu/9067858
iHOT 爱动漫,http://111.22.153.159:35455/itv/2000000004000000059.m3u8?cdn=hnbblive
农村一级野钓大师,https://goodiptv.club/douyu/9433591
iHOT 爱体育,http://111.22.153.159:35455/itv/2000000004000000060.m3u8?cdn=hnbblive
农村幺妹儿,https://goodiptv.club/douyu/9344884
NewTV 超级电影,http://111.22.153.159:35455/itv/1000000003000012426.m3u8?cdn=ystenlive
农氏野钓,https://goodiptv.club/douyu/10103361
NewTV 超级电视剧,http://111.22.153.159:35455/itv/1000000004000024993.m3u8?cdn=ystenlive
冥王星丶丶,https://goodiptv.club/douyu/296575
NewTV 超级体育,http://111.22.153.159:35455/itv/1000000001000009601.m3u8?cdn=ystenlive
冰糖葫芦没放盐V,https://goodiptv.club/douyu/3505453
NewTV 超级综艺,http://[2409:8087:5e00:24::2d]:6610/000000001000/1/1000000004000023658/index.m3u8?channel-id=ystenlive&Contentid=1000000004000023658&livemode=1&stbId=YanG-1989
冷孝洪,https://goodiptv.club/douyu/9527761
NewTV 金牌综艺,http://[2409:8087:5e00:24::2d]:6610/000000001000/1/1000000004000026167/index.m3u8?channel-id=ystenlive&Contentid=1000000004000026167&livemode=1&stbId=YanG-1989
几号房间,https://goodiptv.club/douyu/8829425
NewTV 魅力潇湘,http://[2409:8087:5e00:24::2d]:6610/000000001000/1/1000000001000006197/index.m3u8?channel-id=ystenlive&Contentid=1000000001000006197&livemode=1&stbId=YanG-1989
凤起青云,https://goodiptv.club/douyu/749124
NewTV 东北热剧,http://39.134.65.175/PLTV/88888888/224/3221225679/1.m3u8
分享备用,https://goodiptv.club/douyu/5804577
NewTV 古装剧场,http://[2409:8087:5e00:24::2d]:6610/000000001000/1/2000000003000000024/index.m3u8?channel-id=hnbblive&Contentid=2000000003000000024&livemode=1&stbId=YanG-1989
刘也变z,https://goodiptv.club/douyu/9489079
NewTV 欢乐剧场,http://39.134.65.175/PLTV/88888888/224/3221225682/1.m3u8
刘少丶7012,https://goodiptv.club/douyu/131977
NewTV 怡伴健康,http://[2409:8087:5e00:24::2d]:6610/000000001000/1/1000000005000266011/index.m3u8?channel-id=ystenlive&Contentid=1000000005000266011&livemode=1&stbId=YanG-1989
刘松毅,https://goodiptv.club/douyu/12128227
NewTV 潮妈辣婆,http://[2409:8087:5e00:24::2d]:6610/000000001000/1/2000000003000000018/index.m3u8?channel-id=hnbblive&Contentid=2000000003000000018&livemode=1&stbId=YanG-1989
利利川,https://goodiptv.club/douyu/9329249
NewTV 军旅剧场,http://[2409:8087:5e00:24::2d]:6610/000000001000/1/2000000003000000014/index.m3u8?channel-id=hnbblive&Contentid=2000000003000000014&livemode=1&stbId=YanG-1989
到远方旅行,https://goodiptv.club/douyu/9614588
NewTV 军事评论,http://[2409:8087:5e00:24::2d]:6610/000000001000/1/2000000003000000022/index.m3u8?channel-id=hnbblive&Contentid=2000000003000000022&livemode=1&stbId=YanG-1989
制造show,https://goodiptv.club/douyu/9550226
NewTV 中国功夫,http://[2409:8087:5e00:24::2d]:6610/000000001000/1/2000000003000000009/index.m3u8?channel-id=hnbblive&Contentid=2000000003000000009&livemode=1&stbId=YanG-1989
剧燃有趣,https://goodiptv.club/douyu/10329702
NewTV 农业致富,http://[2409:8087:5e00:24::2d]:6610/000000001000/1/6193684637634073625/index.m3u8?channel-id=ystenlive&Contentid=6193684637634073625&livemode=1&stbId=YanG-1989
剧能下饭鹰,https://goodiptv.club/douyu/11931032
NewTV 家庭剧场,http://[2409:8087:5e00:24::2d]:6610/000000001000/1/1000000004000008284/index.m3u8?channel-id=ystenlive&Contentid=1000000004000008284&livemode=1&stbId=YanG-1989
剧透大爆炸,https://goodiptv.club/douyu/1739752
NewTV 炫舞未来,http://[2409:8087:5e00:24::2d]:6610/000000001000/1/1000000001000000515/index.m3u8?channel-id=ystenlive&Contentid=1000000001000000515&livemode=1&stbId=YanG-1989
动漫推荐i,https://goodiptv.club/douyu/5187099
NewTV 精品萌宠,http://[2409:8087:5e00:24::2d]:6610/000000001000/1/1000000006000032328/index.m3u8?channel-id=ystenlive&Contentid=1000000006000032328&livemode=1&stbId=YanG-1989
动物启示录,https://goodiptv.club/douyu/9443129
NewTV 精品体育,http://39.134.182.166/hwltc.tv.cdn.zj.chinamobile.com/PLTV/88888888/224/3221236300/index.m3u8
助眠师海宝宝,https://goodiptv.club/douyu/1103328
NewTV 精品大剧,http://[2409:8087:5e00:24::2d]:6610/000000001000/1/1000000004000013968/index.m3u8?channel-id=ystenlive&Contentid=1000000004000013968&livemode=1&stbId=YanG-1989
励志少年派,https://goodiptv.club/douyu/8700367
NewTV 精品记录,http://[2409:8087:5e00:24::2d]:6610/000000001000/1/1000000004000013730/index.m3u8?channel-id=ystenlive&Contentid=1000000004000013730&livemode=1&stbId=YanG-1989
勇敢的荒野人,https://goodiptv.club/douyu/9618038
NewTV 武搏世界,http://[2409:8087:5e00:24::2d]:6610/000000001000/1/2000000003000000007/index.m3u8?channel-id=hnbblive&Contentid=2000000003000000007&livemode=1&stbId=YanG-1989
勤时铭悦,https://goodiptv.club/douyu/8790357
NewTV 明星大片,http://[2409:8087:5e00:24::2d]:6610/000000001000/1/1000000004000019008/index.m3u8?channel-id=ystenlive&Contentid=1000000004000019008&livemode=1&stbId=YanG-1989
北京影帝的分身,https://goodiptv.club/douyu/9805480
NewTV 海外剧场,http://[2409:8087:1a01:df::7005]:80/ottrrs.hl.chinamobile.com/PLTV/88888888/224/3221225671/index.m3u8
十七岁的道姑,https://goodiptv.club/douyu/3186217
NewTV 爱情喜剧,http://111.22.153.159:35455/itv/2000000003000000010.m3u8?cdn=hnbblive
千代语默,https://goodiptv.club/douyu/9484187
赛事睛彩竞技,http://vip.lqcc.xyz:35455/itv/3000000020000011528.m3u8?cdn=FifastbLive
半打星冰乐,https://goodiptv.club/douyu/7481383
赛事睛彩篮球,http://vip.lqcc.xyz:35455/itv/3000000020000011529.m3u8?cdn=FifastbLive
半藏同学,https://goodiptv.club/douyu/9372627
赛事睛彩竞技,http://vip.lqcc.xyz:35455/itv/3000000020000011530.m3u8?cdn=FifastbLive
单纯的顺才少爷,https://goodiptv.club/douyu/10084875
赛事睛彩篮球,http://vip.lqcc.xyz:35455/itv/3000000020000011531.m3u8?cdn=FifastbLive
卖女孩滴小姑凉,https://goodiptv.club/douyu/922564
咪咕赛事4k-1,http://vip.lqcc.xyz:35455/itv/3000000010000005180.m3u8?cdn=FifastbLive
卖爆鱼的小姑娘,https://goodiptv.club/douyu/5982597
咪咕赛事4k-2,http://vip.lqcc.xyz:35455/itv/3000000010000015686.m3u8?cdn=FifastbLive
南国小豆豆,https://goodiptv.club/douyu/3310454
咪咕赛事播01,http://vip.lqcc.xyz:35455/itv/3000000001000005308.m3u8?cdn=FifastbLive
卡密密尼,https://goodiptv.club/douyu/9013989
咪咕赛事播02,http://vip.lqcc.xyz:35455/itv/3000000001000005969.m3u8?cdn=FifastbLive
卡皮君本人,https://goodiptv.club/douyu/9050486
咪咕赛事播03,http://vip.lqcc.xyz:35455/itv/3000000001000007218.m3u8?cdn=FifastbLive
卿离倾心,https://goodiptv.club/douyu/7286439
咪咕赛事播04,http://vip.lqcc.xyz:35455/itv/3000000001000008001.m3u8?cdn=FifastbLive
历史经典烩,https://goodiptv.club/douyu/9487003
咪咕赛事播05,http://vip.lqcc.xyz:35455/itv/3000000001000008176.m3u8?cdn=FifastbLive
压力洋哥,https://goodiptv.club/douyu/5297259
咪咕赛事播06,http://vip.lqcc.xyz:35455/itv/3000000001000008379.m3u8?cdn=FifastbLive
去种田的向凹凸,https://goodiptv.club/douyu/9570290
咪咕赛事播07,http://vip.lqcc.xyz:35455/itv/3000000001000010129.m3u8?cdn=FifastbLive
双笙陈元汐,https://goodiptv.club/douyu/6476693
咪咕赛事播08,http://vip.lqcc.xyz:35455/itv/3000000001000010948.m3u8?cdn=FifastbLive
只关于篮球的只老师,https://goodiptv.club/douyu/9367541
咪咕赛事播09,http://vip.lqcc.xyz:35455/itv/3000000001000026778.m3u8?cdn=FifastbLive
可乐家的老骑士,https://goodiptv.club/douyu/9958943
咪咕赛事播10,http://vip.lqcc.xyz:35455/itv/3000000001000028638.m3u8?cdn=FifastbLive
台球帝,https://goodiptv.club/douyu/10078171
咪咕赛事播11,http://vip.lqcc.xyz:35455/itv/3000000001000031494.m3u8?cdn=FifastbLive
史君观影,https://goodiptv.club/douyu/9644669
咪咕赛事播12,http://vip.lqcc.xyz:35455/itv/3000000010000000097.m3u8?cdn=FifastbLive
叶墨的百妖馆,https://goodiptv.club/douyu/9517351
咪咕赛事播13,http://vip.lqcc.xyz:35455/itv/3000000010000002019.m3u8?cdn=FifastbLive
吃草莓的果子狸V,https://goodiptv.club/douyu/9382395
咪咕赛事播14,http://vip.lqcc.xyz:35455/itv/3000000010000002032.m3u8?cdn=FifastbLive
吃鸡小表弟,https://goodiptv.club/douyu/9370197
咪咕赛事播15,http://vip.lqcc.xyz:35455/itv/3000000010000002809.m3u8?cdn=FifastbLive
同学请坐吧,https://goodiptv.club/douyu/3736649
咪咕赛事播16,http://vip.lqcc.xyz:35455/itv/3000000010000003915.m3u8?cdn=FifastbLive
同行渔猎笔记,https://goodiptv.club/douyu/2718202
咪咕赛事播17,http://vip.lqcc.xyz:35455/itv/3000000010000004193.m3u8?cdn=FifastbLive
名人物语DY,https://goodiptv.club/douyu/9539063
咪咕赛事播18,http://vip.lqcc.xyz:35455/itv/3000000010000004464.m3u8?cdn=FifastbLive
名曰老饕,https://goodiptv.club/douyu/1732550
咪咕赛事播19,http://vip.lqcc.xyz:35455/itv/3000000010000005837.m3u8?cdn=FifastbLive
君笑坊,https://goodiptv.club/douyu/9444093
咪咕赛事播20,http://vip.lqcc.xyz:35455/itv/3000000010000006077.m3u8?cdn=FifastbLive
吟游诗人基德,https://goodiptv.club/douyu/9337049
咪咕赛事播21,http://vip.lqcc.xyz:35455/itv/3000000010000006658.m3u8?cdn=FifastbLive
吟笑派,https://goodiptv.club/douyu/2987100
咪咕赛事播22,http://vip.lqcc.xyz:35455/itv/3000000010000006944.m3u8?cdn=FifastbLive
吸奇侠,https://goodiptv.club/douyu/8986636
咪咕赛事播23,http://vip.lqcc.xyz:35455/itv/3000000010000007692.m3u8?cdn=FifastbLive
吾恩5nn,https://goodiptv.club/douyu/9631914
咪咕赛事播24,http://vip.lqcc.xyz:35455/itv/3000000010000009788.m3u8?cdn=FifastbLive
周六野Zoey,https://goodiptv.club/douyu/8912150
咪咕赛事播25,http://vip.lqcc.xyz:35455/itv/3000000010000010833.m3u8?cdn=FifastbLive
周扒片,https://goodiptv.club/douyu/6434857
咪咕赛事播26,http://vip.lqcc.xyz:35455/itv/3000000010000011112.m3u8?cdn=FifastbLive
周星驰的直播间,https://goodiptv.club/douyu/8257039
咪咕赛事播27,http://vip.lqcc.xyz:35455/itv/3000000010000011297.m3u8?cdn=FifastbLive
周杰伦颜老师,https://goodiptv.club/douyu/7537296
咪咕赛事播28,http://vip.lqcc.xyz:35455/itv/3000000010000011518.m3u8?cdn=FifastbLive
周队长captain,https://goodiptv.club/douyu/9023539
咪咕赛事播29,http://vip.lqcc.xyz:35455/itv/3000000010000011763.m3u8?cdn=FifastbLive
咆哮丶土拨鼠,https://goodiptv.club/douyu/9564230
咪咕赛事播30,http://vip.lqcc.xyz:35455/itv/3000000010000011873.m3u8?cdn=FifastbLive
和猫住丶,https://goodiptv.club/douyu/850030
咪咕赛事播31,http://vip.lqcc.xyz:35455/itv/3000000010000012398.m3u8?cdn=FifastbLive
咕噜咕噜剧,https://goodiptv.club/douyu/10082307
咪咕赛事播32,http://vip.lqcc.xyz:35455/itv/3000000010000012450.m3u8?cdn=FifastbLive
咚得勒咚咚,https://goodiptv.club/douyu/9163452
咪咕赛事播33,http://vip.lqcc.xyz:35455/itv/3000000010000012558.m3u8?cdn=FifastbLive
咸车,https://goodiptv.club/douyu/9498554
咪咕赛事播34,http://vip.lqcc.xyz:35455/itv/3000000010000012616.m3u8?cdn=FifastbLive
咸鱼翻身是另一面咸鱼,https://goodiptv.club/douyu/527076
咪咕赛事播35,http://vip.lqcc.xyz:35455/itv/3000000010000015470.m3u8?cdn=FifastbLive
哇萨比抓马WD,https://goodiptv.club/douyu/8808506
咪咕赛事播36,http://vip.lqcc.xyz:35455/itv/3000000010000015560.m3u8?cdn=FifastbLive
哲忆丶,https://goodiptv.club/douyu/8977251
咪咕赛事播37,http://vip.lqcc.xyz:35455/itv/3000000010000017389.m3u8?cdn=FifastbLive
唐人探影,https://goodiptv.club/douyu/10371561
咪咕赛事播38,http://vip.lqcc.xyz:35455/itv/3000000010000017678.m3u8?cdn=FifastbLive
善逸丶,https://goodiptv.club/douyu/2067020
咪咕赛事播39,http://vip.lqcc.xyz:35455/itv/3000000010000017997.m3u8?cdn=FifastbLive
喝水少年孙十一,https://goodiptv.club/douyu/9619048
咪咕赛事播40,http://vip.lqcc.xyz:35455/itv/3000000010000019380.m3u8?cdn=FifastbLive
喵喵喵的猫酱酱,https://goodiptv.club/douyu/11179077
咪咕赛事播41,http://vip.lqcc.xyz:35455/itv/3000000010000019839.m3u8?cdn=FifastbLive
喵招诗雨,https://goodiptv.club/douyu/9651121
咪咕赛事播42,http://vip.lqcc.xyz:35455/itv/3000000010000020168.m3u8?cdn=FifastbLive
喵来啦V,https://goodiptv.club/douyu/8657669
咪咕赛事播43,http://vip.lqcc.xyz:35455/itv/3000000010000021904.m3u8?cdn=FifastbLive
嘴巴鼻子没有沟,https://goodiptv.club/douyu/10217984
咪咕赛事播44,http://vip.lqcc.xyz:35455/itv/3000000010000023434.m3u8?cdn=FifastbLive
国士无双人物传奇,https://goodiptv.club/douyu/9544555
咪咕赛事播45,http://vip.lqcc.xyz:35455/itv/3000000010000024205.m3u8?cdn=FifastbLive
国际吸猫协会,https://goodiptv.club/douyu/8657834
咪咕赛事播46,http://vip.lqcc.xyz:35455/itv/3000000010000024691.m3u8?cdn=FifastbLive
圈踢动漫,https://goodiptv.club/douyu/1952680
咪咕赛事播47,http://vip.lqcc.xyz:35455/itv/3000000010000025380.m3u8?cdn=FifastbLive
在下小苏Su,https://goodiptv.club/douyu/8658051
咪咕赛事播48,http://vip.lqcc.xyz:35455/itv/3000000010000025943.m3u8?cdn=FifastbLive
在回忆中寻找,https://goodiptv.club/douyu/12065601
咪咕赛事播49,http://vip.lqcc.xyz:35455/itv/3000000010000027318.m3u8?cdn=FifastbLive
培根悖论唠唠嗑,https://goodiptv.club/douyu/5354713
咪咕赛事播50,http://vip.lqcc.xyz:35455/itv/3000000010000027638.m3u8?cdn=FifastbLive
壹丨哥,https://goodiptv.club/douyu/5692901
咪咕赛事播51,http://vip.lqcc.xyz:35455/itv/3000000010000027691.m3u8?cdn=FifastbLive
夏利俊EWE路亚,https://goodiptv.club/douyu/9974427
咪咕赛事播52,http://vip.lqcc.xyz:35455/itv/3000000010000031669.m3u8?cdn=FifastbLive
夏夜柚子树,https://goodiptv.club/douyu/9606419
咪咕赛事播53,http://vip.lqcc.xyz:35455/itv/3000000010000032106.m3u8?cdn=FifastbLive
夙瑶瑾,https://goodiptv.club/douyu/9450568
河北少儿,http://tv.pull.hebtv.com/jishi/shaoerkejiao.m3u8?t=2510710360&k=4ff4446adf3cce3de40dd013255b38b2
多发几个思雨,https://goodiptv.club/douyu/7256376
韩国EBS少儿,http://ebsonairios.ebs.co.kr/ebsutablet500k/tablet500k/playlist.m3u8
多多其木格,https://goodiptv.club/douyu/9075374
灌篮高手,https://live.ottiptv.cc/yy/1382735626
多巴安工作室,https://goodiptv.club/douyu/9446799
哆啦A梦,https://live.ottiptv.cc/huya/11601963
夜与白鲸V,https://goodiptv.club/douyu/9734515
喜羊羊与灰太狼,https://live.ottiptv.cc/huya/23865080
Ando TV,http://play.kankanlive.com/live/1711956137852982.m3u8
大力学姐,https://goodiptv.club/douyu/8784719
精灵宝可梦,https://live.ottiptv.cc/huya/23749096
Anshun Comprehensive News Channel,https://hplayer1.juyun.tv/camera/154379194.m3u8
大坑侦探社,https://goodiptv.club/douyu/9440339
名侦探柯南,https://live.ottiptv.cc/huya/30080236
Beijing Traffic Radio TV [Geo-blocked],http://123.56.24.28:1935/live/fm1039/96K/tzwj_video.m3u8
大帅比陈雅楠,https://goodiptv.club/douyu/9718700
周星驰电影,https://live.ottiptv.cc/huya/11342412
Beijing Youth Radio [Geo-blocked],http://audiolive.rbc.cn:1935/live/am927/96K/tzwj_video.m3u8
大庆在农村,https://goodiptv.club/douyu/9477316
林正英电影,https://live.ottiptv.cc/huya/11342421
Bingtuan Satellite TV,http://49.113.179.174:4022/udp/238.125.4.13:5140
大河庄一世繁华,https://goodiptv.club/douyu/9501548
刘德华电影,https://live.ottiptv.cc/huya/11342424
Bread TV面包台 (720p),https://video.bread-tv.com:8091/hls-live24/online/index.m3u8
大漠叔叔Dm,https://goodiptv.club/douyu/1109218
古天乐电影,https://live.ottiptv.cc/huya/29982675
BRTV Kaku Childrens Channel,http://49.113.179.174:4022/udp/238.125.2.216:5140
大熊观影,https://goodiptv.club/douyu/8851140
成龙电影,https://live.ottiptv.cc/huya/11342386
BRTV Kaku Childrens Channel,http://223.111.191.105/downflv.brtvcloud.com/kkkkasd/winfr.m3u8
大狼狗刨祖坟,https://goodiptv.club/douyu/10217975
李连杰电影,https://live.ottiptv.cc/huya/11342390
BRTV Science & Education Channel,http://49.113.179.174:4022/udp/238.125.3.121:5140
大胡子魏,https://goodiptv.club/douyu/8792763
甄子丹电影,https://live.ottiptv.cc/huya/11352935
BRTV 北京卫视 [Not 24/7],http://ivi.bupt.edu.cn/hls/btv1.m3u8
大蓝雀,https://goodiptv.club/douyu/8656759
沈腾电影,https://live.ottiptv.cc/huya/11601968
BRTV 北京卫视,http://118.81.195.79:9003/hls/20/index.m3u8
大雪压晴松,https://goodiptv.club/douyu/12618544
黄渤电影,https://live.ottiptv.cc/huya/11352876
CGTN (1080p),https://amg00405-rakutentv-cgtn-rakuten-i9tar.amagi.tv/master.m3u8
大黄喵吖,https://goodiptv.club/douyu/12392971
强森电影,https://live.ottiptv.cc/huya/21059581
CGTN (1080p),https://english-livebkali.cgtn.com/live/encgtn.m3u8
天才大熊猫啊,https://goodiptv.club/douyu/10646699
王晶电影,https://live.ottiptv.cc/huya/11602058
CGTN Documentary (1080p),https://amg00405-rakutentv-cgtndocumentary-rakuten-0ql8j.amagi.tv/master.m3u8
天才简史,https://goodiptv.club/douyu/8662915
金庸武侠,https://live.ottiptv.cc/huya/11342435
Channel Law,http://49.113.179.174:4022/udp/238.125.2.201:5140
天才霸总的狐崽崽,https://goodiptv.club/douyu/10394922
功夫电影,https://live.ottiptv.cc/huya/11352941
Chifeng Comprehensive News Chanel,http://play1-qk.nmtv.cn/live/1735546697341033.m3u8
奇光主播,https://goodiptv.club/douyu/8009547
贺岁电影,https://live.ottiptv.cc/huya/11601986
City Theater Channel,http://49.113.179.174:4022/udp/238.125.1.60:5140
奇光主播e,https://goodiptv.club/douyu/11849873
怪兽电影,https://live.ottiptv.cc/huya/21059577
Documentary Humanities Channel,http://49.113.179.174:4022/udp/238.125.3.135:5140
奇光主播q,https://goodiptv.club/douyu/12560807
武侠电影,https://live.ottiptv.cc/huya/11342427
Ecology & Environment TV,http://49.113.179.174:4022/udp/238.125.2.175:5140
奇妙博物馆,https://goodiptv.club/douyu/9409723
玄幻电影,https://live.ottiptv.cc/huya/11342414
Foshan News TV,http://dslive.grtn.cn/fszh/sd/live.m3u8
奇趣研究,https://goodiptv.club/douyu/8661456
罪犯电影,https://live.ottiptv.cc/huya/11352962
Game Channel,http://49.113.179.174:4022/udp/238.125.1.36:5140
奥雷卡尔克斯,https://goodiptv.club/douyu/1224356
战争电影,https://live.ottiptv.cc/huya/21059574
Golden Eagle Cartoon,http://1.24.190.98:10080/hls/51/index.m3u8
女团社颜老师,https://goodiptv.club/douyu/11327316
谍战电影,https://live.ottiptv.cc/huya/21059585
Guangzhou TV,https://tencentplaybusiness.gztv.com/live/zonghes.m3u8
女王泡面V,https://goodiptv.club/douyu/9369937
枪战电影,https://live.ottiptv.cc/huya/21059579
Harbin Comprehensive News Channel,https://stream.hrbtv.net/xwzh/playlist.m3u8?_upt=ef41dd531755913594
妈见打ovo,https://goodiptv.club/douyu/9413151
狄仁杰电影,https://live.ottiptv.cc/huya/30080229
Harbin Movie Channel,https://stream.hrbtv.net/yspd/playlist.m3u8
娱乐扒叔,https://goodiptv.club/douyu/9624581
末日电影合集,https://live.ottiptv.cc/yy/1354889019
Hunan Ping Yu,http://49.113.179.174:4022/udp/238.125.5.102:5140
娱乐新番,https://goodiptv.club/douyu/9564845
宇宙科幻合集,https://live.ottiptv.cc/huya/11342428
Hunan TV (2160p),http://hlsal-ldvt.qing.mgtv.com/nn_live/nn_x64/dWlwPTEyNy4wLjAuMSZ1aWQ9cWluZy1jbXMmbm5fdGltZXpvbmU9OCZjZG5leF9pZD1hbF9obHNfbGR2dCZ1dWlkPTliODY4NmU5ZTM2YzYwMmMmZT02OTE0NjA0JnY9MSZpZD1ITldTWkdTVCZzPTcwN2RiYTc2YzJjNmJmMTQ4MmUyZGYzOWU2NWM3YWFi/HNWSZGST.m3u8
学徒郭昱麟,https://goodiptv.club/douyu/8871095
古装武侠,http://www.douzhicloud.site:35455/douyu/2793084
JiaJia Cartoon,http://49.113.179.174:4022/udp/238.125.0.158:5140
宇宙无敌韩三金,https://goodiptv.club/douyu/3194372
邵氏影院,http://www.douzhicloud.site:35455/douyu/4246519
Jiangxi Children's Channel,https://play-live-hls.jxtvcn.com.cn/live-city/tv_jxtv6.m3u8
宇宙视界,https://goodiptv.club/douyu/9498354
冰冰影剧,http://www.douzhicloud.site:35455/douyu/74374
Jiangxi City Channel,https://play-live-hls.jxtvcn.com.cn/live-city/tv_jxtv2.m3u8
安安601801,https://goodiptv.club/douyu/11283504
刀刀影院,http://www.douzhicloud.site:35455/douyu/747764
Jiangxi Economy & Life Channel,https://play-live-hls.jxtvcn.com.cn/live-city/tv_jxtv3.m3u8
安琪儿的羽翼,https://goodiptv.club/douyu/9388783
华语影视,http://www.douzhicloud.site:35455/douyu/3928
Jiangxi Movie Channel,https://play-live-hls.jxtvcn.com.cn/live-city/tv_jxtv4.m3u8
宋小宝小品,https://goodiptv.club/douyu/9817729
斗鱼港剧,http://www.douzhicloud.site:35455/douyu/5061550
Jiangxi Public & Agriculture Channel,https://play-live-hls.jxtvcn.com.cn/live-city/tv_jxtv5.m3u8
宝蓝和朋友们,https://goodiptv.club/douyu/9283356
橙记港剧,http://www.douzhicloud.site:35455/douyu/4549169
Jilin City Channel,https://lsfb.avap.jilintv.cn/zqvk7vpj/channel/7e8474e6daea44ccaa5aa2300191439e/index.m3u8
尉迟杰影评,https://goodiptv.club/douyu/8850682
经典剧集,http://www.douzhicloud.site:35455/douyu/6863367
Jilin Lifestyle Channel,https://lsfb.avap.jilintv.cn/zqvk7vpj/channel/0a76740c72b74fabae611845aa21e06a/index.m3u8
小三笠笠酱,https://goodiptv.club/douyu/9188696
热门港剧,http://www.douzhicloud.site:35455/douyu/5522351
Jilin Movie Channel,https://lsfb.avap.jilintv.cn/zqvk7vpj/channel/906341e6f19b4c4bacdc89941eb85d12/index.m3u8
小九别马枪,https://goodiptv.club/douyu/12586073
贝爷求生,http://www.douzhicloud.site:35455/douyu/4332
Jilin Rural Channel,https://lsfb.avap.jilintv.cn/zqvk7vpj/channel/3ffc4824dce54b92be185555923ce382/index.m3u8
小侠来了,https://goodiptv.club/douyu/9734042
延禧攻略,https://live.ottiptv.cc/huya/26355864
Laughter Theater,http://49.113.179.174:4022/udp/238.125.2.159:5140
小兰酱177,https://goodiptv.club/douyu/11490031
新三国,https://live.ottiptv.cc/huya/11352944
Liangshan TV [Not 24/7],http://118.122.2.29:9999/hls/47/index.m3u8
小刚学长o,https://goodiptv.club/douyu/9701497
新水浒传,https://live.ottiptv.cc/huya/11342384
Nanchang News & Generalist Channel,https://play-live-hls.jxtvcn.com.cn/live-city/tv_nanchang.m3u8
小太V,https://goodiptv.club/douyu/9606954
新三国（斗鱼）,https://goodiptv.club/douyu/5908256
Nei Monggol TV,http://1.24.190.98:10080/hls/39/index.m3u8
小姐姐Bie跑哦,https://goodiptv.club/douyu/8666258
少年包青天第一部,https://live.ottiptv.cc/yy/1356043677
Nei Monggol TV,http://49.113.179.174:4022/udp/238.125.7.93:5140
小姐姐不记得,https://goodiptv.club/douyu/3700024
少年包青天第三部,https://live.ottiptv.cc/yy/1382736814
Nei Monggol TV,http://110.19.156.172:9901/tsfile/live/1003_1.m3u8
小小天才搞笑视频,https://goodiptv.club/douyu/9419678
神探狄仁杰第一部,https://live.ottiptv.cc/huya/11352958
Nei Monggol TV 2 Mongolian Culture Channel,http://1.24.190.98:10080/hls/40/index.m3u8
小小鹿老师,https://goodiptv.club/douyu/9442889
神探狄仁杰第二部,https://goodiptv.club/douyu/6027991
QTV-1,http://video10.qtv.com.cn/drm/qtv1at/manifest.m3u8
小手枪Newhandgun,https://goodiptv.club/douyu/8943060
神探狄仁杰第三部,https://live.ottiptv.cc/huya/11342425
QTV-2,http://video10.qtv.com.cn/drm/qtv2at/manifest.m3u8
小明不背锅up,https://goodiptv.club/douyu/117854
爱情公寓,https://live.ottiptv.cc/huya/11336726
QTV-3,http://video10.qtv.com.cn/drm/qtv3at/manifest.m3u8
小木鱼de妈妈,https://goodiptv.club/douyu/11199147
亮剑,https://live.ottiptv.cc/huya/30080238
QTV-4,http://video10.qtv.com.cn/drm/qtv4at/manifest.m3u8
小林家的旗女仆,https://goodiptv.club/douyu/9211287
雪豹,https://live.ottiptv.cc/huya/29580970
QTV-5,http://video10.qtv.com.cn/drm/qtv5at/manifest.m3u8
小毅主播e,https://goodiptv.club/douyu/11851549
特种兵之火凤凰,https://live.ottiptv.cc/huya/29982636
QTV-6,http://video10.qtv.com.cn/drm/qtv6at/manifest.m3u8
小猪优版剧院,https://goodiptv.club/douyu/10297898
士兵突击,https://live.ottiptv.cc/huya/11342430
Shaanxi Agroforestry Satellite TV,http://49.113.179.174:4022/udp/238.125.4.154:5140
小猪搞笑精选,https://goodiptv.club/douyu/10329752
神雕侠侣,https://live.ottiptv.cc/huya/11352964
Shandong Education TV,http://49.113.179.174:4022/udp/238.125.0.156:5140
小红在农村,https://goodiptv.club/douyu/1492444
倚天屠龙记,https://live.ottiptv.cc/huya/11342403
Shanghai Education Television Station,http://223.166.234.114:7777/tsfile/live/1033_1.m3u8
小约翰可汗,https://goodiptv.club/douyu/9738854
铁齿铜牙纪晓岚,https://live.ottiptv.cc/huya/11342396
Shenzhen Satellite TV (2160p),https://livepull-tcms.sztv.com.cn/live/sz4Kpgm.m3u8
小羊放映室,https://goodiptv.club/douyu/9433806
康熙王朝,https://live.ottiptv.cc/huya/11352940
Sihai Fishing Channel,http://49.113.179.174:4022/udp/238.125.2.172:5140
小艾大叔,https://goodiptv.club/douyu/9314668
陈情令,https://live.ottiptv.cc/huya/29465862
Siping TV,http://stream2.jlntv.cn/sptv/sd/live.m3u8?_upt=f27750421743154598
小铁房乐队,https://goodiptv.club/douyu/9624976
庆余年,https://live.ottiptv.cc/huya/11352960
SMG Football Channel,http://49.113.179.174:4022/udp/238.125.2.142:5140
小青放映社,https://goodiptv.club/douyu/9314689
鬼吹灯之精绝古城,https://live.ottiptv.cc/huya/11352871
STV City,http://61.173.144.157:9901/tsfile/live/1001_1.m3u8?authid=0&key=txiptv&playlive=1
小馒头叫包几,https://goodiptv.club/douyu/9028721
鬼吹灯之怒晴湘西,https://live.ottiptv.cc/huya/11602075
STV News and General,http://61.173.144.157:9901/tsfile/live/1000_1.m3u8?authid=0&key=txiptv&playlive=1
小鸭子老师,https://goodiptv.club/douyu/9627625
鬼吹灯之龙岭迷窟,https://live.ottiptv.cc/huya/29465863
Tonghua TV,http://lsfb.avap.jilintv.cn/zqvk7vpj/channel/43ea5771aa44421591f9dfd2b71f1b9b/index.m3u8
小鹏漫剪,https://goodiptv.club/douyu/9476810
鬼吹灯之云南虫谷,https://live.ottiptv.cc/huya/11352898
Tonghua TV,https://lsfb.avap.jilintv.cn/zqvk7vpj/channel/43ea5771aa44421591f9dfd2b71f1b9b/index.m3u8
小黑豹子啊,https://goodiptv.club/douyu/9458184
伪装者,https://live.ottiptv.cc/yy/1354936244
Toonmax TV,http://49.113.179.174:4022/udp/238.125.4.28:5140
少女娜娜酱,https://goodiptv.club/douyu/9445557
西游记后传,https://live.ottiptv.cc/yy/1353392400
Ugo Shop TV,http://49.113.179.174:4022/udp/238.125.4.184:5140
少年阿虎233,https://goodiptv.club/douyu/9396762
隋唐英雄传,https://live.ottiptv.cc/yy/1352475619
VOA美国之音,https://voa-ingest.akamaized.net/hls/live/2033878/tvmc08/playlist.m3u8
少打白骨精,https://goodiptv.club/douyu/11531165
西游记续集,http://www.douzhicloud.site:35455/douyu/3113309
World Economy Channel,http://49.113.179.174:4022/udp/238.125.2.205:5140
尽整没用D,https://goodiptv.club/douyu/8791622
我是特种兵之利刃出鞘,https://live.ottiptv.cc/yy/37999586
Xinjiang TV 1,https://klmysjtzb.rcsxzx.com/hls/klmy2.m3u8
屁屁鲁男孩,https://goodiptv.club/douyu/708526
狂飙,https://live.ottiptv.cc/yy/1355142167
Xinjiang TV 2,http://49.113.179.174:4022/udp/238.125.3.175:5140
屁屁鸭家族LOVE,https://goodiptv.club/douyu/9461930
乌龙闯情关,https://live.ottiptv.cc/huya/26355767
Xinjiang TV 2,http://110.153.180.106:55555/out_3/index.m3u8
山下智博official,https://goodiptv.club/douyu/9186596
柳舟计,https://live.ottiptv.cc/huya/23860039
Xinjiang TV 2,http://222.80.13.33:4022/udp/238.125.3.175:5140
山里记,https://goodiptv.club/douyu/9410236
与凤行,https://live.ottiptv.cc/huya/26355866
Xinjiang TV 3,http://49.113.179.174:4022/udp/238.125.7.147:5140
岚FLL,https://goodiptv.club/douyu/9409703
大秦赋,https://live.ottiptv.cc/huya/23903130
Xinjiang TV 3,http://110.153.180.106:55555/out_2/index.m3u8
崔杋圭五颜一,https://goodiptv.club/douyu/8189873
永夜星河,https://live.ottiptv.cc/huya/23734169
Xinjiang TV 3,http://120.70.60.179:9901/tsfile/live/1006_1.m3u8?authid=0&key=txiptv&playlive=1
崔然竣舞台天才,https://goodiptv.club/douyu/113158
流水迢迢,https://live.ottiptv.cc/huya/23865036
Xinjiang TV 3,http://218.84.35.38:3000/m3u8/live/tctv-2/index.m3u8
巅峰球迷会,https://goodiptv.club/douyu/10417360
唐诡之西行,https://live.ottiptv.cc/huya/26355763
Xinjiang TV 3,https://st-video.xjmty.com/fs/livedit/e55abfa37af26e19/8ce9971c2177b3dd.m3u8
工藤新医heart,https://goodiptv.club/douyu/8741860
玫瑰的故事,https://live.ottiptv.cc/huya/23865142
Xinjiang TV 5,http://49.113.179.174:4022/udp/238.125.7.149:5140
巫妖王丶怀旧电视游戏,https://goodiptv.club/douyu/1023277
梦中的那片海,https://live.ottiptv.cc/huya/26355765
Xinjiang TV 5,http://106.124.91.222:85/tsfile/live/21216_1.m3u8?authid=0&key=txiptv&playlive=1
师落,https://goodiptv.club/douyu/6911044
知否知否,https://live.ottiptv.cc/yy/21881901
Xinjiang TV 5,http://106.124.91.222:9901/tsfile/live/21216_1.m3u8?authid=0&key=txiptv&playlive=0
庄尼兔拟音实验室,https://goodiptv.club/douyu/9546169
父母爱情,https://live.ottiptv.cc/yy/1354926650
Xinjiang TV 8,http://49.113.179.174:4022/udp/238.125.3.181:5140
庆皇龙利余,https://goodiptv.club/douyu/9524210
欢乐颂,https://live.ottiptv.cc/yy/1382735624
Xinjiang TV 8,http://106.124.91.222:85/tsfile/live/21219_1.m3u8?authid=0&key=txiptv&playlive=1
开心嘴炮,https://goodiptv.club/douyu/9026377
康熙微服私访记,https://live.ottiptv.cc/huya/11342418
Xinjiang TV 8,http://120.70.60.179:9901/tsfile/live/1002_1.m3u8?authid=0&key=txiptv&playlive=1
开心逛剧场,https://goodiptv.club/douyu/10329310
如懿传,https://live.ottiptv.cc/huya/29465868
Xinjiang TV 9,http://49.113.179.174:4022/udp/238.125.7.153:5140
开心锤锤动漫,https://goodiptv.club/douyu/9018297
芈月传,https://live.ottiptv.cc/huya/11352975
Xinjiang TV 9,http://106.124.91.222:85/tsfile/live/21220_1.m3u8?authid=0&key=txiptv&playlive=1
开心麻花经典小品,https://goodiptv.club/douyu/10153463
楚汉骄雄,https://live.ottiptv.cc/huya/29465854
Xinjiang TV 12,http://49.113.179.174:4022/udp/238.125.3.185:5140
开箱嘤嘤怪,https://goodiptv.club/douyu/10319056
寻秦记,https://live.ottiptv.cc/huya/29465848
Xizang TV Tibetan (720p) [Not 24/7],http://php.jdshipin.com:8880/xztv.php?id=zy
开车大神,https://goodiptv.club/douyu/9759970
西游记2,https://live.ottiptv.cc/huya/29465859
Xizang TV Tibetan,http://49.113.179.174:4022/udp/238.125.3.94:5140
张宇394795,https://goodiptv.club/douyu/7508566
大唐双龙传,https://live.ottiptv.cc/huya/29465850
Yicai TV,http://49.113.179.174:4022/udp/238.125.0.165:5140
张小莹要独立,https://goodiptv.club/douyu/9647285
神雕侠侣,https://live.ottiptv.cc/huya/23865171
Zhejiang Satellite TV,https://play-qukan.cztv.com/live/1758879019692345.m3u8
弹吉他的Miumiu,https://goodiptv.club/douyu/4564166
倚天屠龙记,https://live.ottiptv.cc/huya/23734246
Zhejiang TV International,https://ali-m-l.cztv.com/channels/lantian/channel10/1080p.m3u8
当下频道,https://goodiptv.club/douyu/9389239
活佛济公3,https://live.ottiptv.cc/huya/23903123
万州三峡移民 (576p) [Not 24/7],http://123.146.162.24:8013/tslslive/PU2vzMI/hls/live_sd.m3u8
当燕双鹰遇见李元芳,https://goodiptv.club/douyu/3439096
无心法师,https://live.ottiptv.cc/huya/30080233
万州影视 (576p) [Not 24/7],http://123.146.162.24:8013/tslslive/vWlnEzU/hls/live_sd.m3u8
当铁手团遇到光复社,https://goodiptv.club/douyu/5875025
谈判专家,https://live.ottiptv.cc/yy/1382735560
万州综合 (576p) [Not 24/7],http://123.146.162.24:8013/tslslive/noEX9SG/hls/live_sd.m3u8
影子叔V,https://goodiptv.club/douyu/9446338
刑事侦缉档案,https://live.ottiptv.cc/huya/29465856
上虞1新闻综合 (720p) [Not 24/7],https://l.cztvcloud.com/channels/lantian/SXshangyu1/720p.m3u8
彼岸心属MADEIN伊藤美优,https://goodiptv.club/douyu/40471
法政先锋,https://live.ottiptv.cc/huya/23863804
上虞3新商都 (720p) [Not 24/7],https://l.cztvcloud.com/channels/lantian/SXshangyu3/720p.m3u8
往事vs随风1,https://goodiptv.club/douyu/3113309
洗冤录,https://live.ottiptv.cc/huya/29465851
上虞經濟文化 (720p) [Not 24/7],https://l.cztvcloud.com/channels/lantian/SXshangyu2/720p.m3u8
律子桑,https://goodiptv.club/douyu/9371308
陀枪师姐,https://live.ottiptv.cc/huya/29465857
东南卫视 (Southeast Television fka Fujian Television) (2160p),http://118.81.195.79:9003/hls/24/index.m3u8
徐大sao,https://goodiptv.club/douyu/7107176
使徒行者,https://live.ottiptv.cc/huya/23734256
东方卫视 (2160p),http://118.81.195.79:9003/hls/23/index.m3u8
御魔君,https://goodiptv.club/douyu/9199976
鉴证实录,https://live.ottiptv.cc/huya/23903183
中国气象 (576p) [Not 24/7],http://hls.weathertv.cn/tslslive/qCFIfHB/hls/live_sd.m3u8
微梦屋,https://goodiptv.club/douyu/7027040
金枝欲孽,https://live.ottiptv.cc/huya/29465847
乐清新闻 [Geo-blocked],http://33809.hlsplay.aodianyun.com/guangdianyun_33809/tv_channel_170.m3u8
德井鱼,https://goodiptv.club/douyu/9184833
扫黄先锋,https://live.ottiptv.cc/huya/29465855
乐清生活 [Geo-blocked],http://33809.hlsplay.aodianyun.com/guangdianyun_33809/tv_channel_171.m3u8
忆暄Ethan,https://goodiptv.club/douyu/9570042
创世纪,https://live.ottiptv.cc/huya/29465852
云南 Ⅰ 文山公共台 (1080p),http://tvdrs.wsrtv.com.cn:8100/channellive/ch2.flv
快乐的小波子,https://goodiptv.club/douyu/9039399
妙手仁心,https://live.ottiptv.cc/huya/29465853
云南 Ⅰ 文山综合台 (1080p) [Not 24/7],http://tvdrs.wsrtv.com.cn:8100/channellive/ch1.flv
怠惰守夜,https://goodiptv.club/douyu/8842108
大时代,https://live.ottiptv.cc/huya/23865161
云南卫视 (1080p),https://hwapi.yunshicloud.com/8xughf/e0bx15.m3u8
怡宝妹妹丶,https://goodiptv.club/douyu/434971
野蛮亲家,https://live.ottiptv.cc/huya/23863796
云南卫视 (576p) [Not 24/7],http://183.207.248.71/cntv/live1/yunnanstv/yunnanstv
怪事屋,https://goodiptv.club/douyu/8706084
笑看风云,https://live.ottiptv.cc/huya/29465858
云南卫视 (576p),http://39.134.115.163:8080/PLTV/88888910/224/3221225664/index.m3u8
恨铁,https://goodiptv.club/douyu/6369954
倩女幽魂妖魔道,http://jsmov2.a.yximgs.com/bs3/video-hls/5232901391302199073_hlsb.m3u8
云南卫视 (576p),http://183.207.248.71/gitv/live1/G_YUNNAN/G_YUNNAN
恰饭橘,https://goodiptv.club/douyu/7974136
倩女幽魂人间道,http://jsmov2.a.yximgs.com/bs3/video-hls/5250634317044855747_hlsb.m3u8
云南卫视 (576p),http://223.110.245.157/ott.js.chinamobile.com/PLTV/3/224/3221225591/index.m3u8
悉奇,https://goodiptv.club/douyu/9401473
倩女幽魂道道道,http://jsmov2.a.yximgs.com/bs3/video-hls/5216294367991385255_hlsb.m3u8
云南卫视 (576p),http://223.110.245.159/ott.js.chinamobile.com/PLTV/3/224/3221225838/index.m3u8
悬疑MOVIE,https://goodiptv.club/douyu/9601429
人在囧途,https://vip.ffzy-play.com/20221018/1953_2d6ba500/index.m3u8
云南卫视 (576p),http://223.110.245.173/PLTV/4/224/3221225838/index.m3u8
情感测试小分队,https://goodiptv.club/douyu/9697688
人在囧途之泰囧,https://vip.ffzy-play.com/20221018/1951_47e1adc8/index.m3u8
云南卫视 (540p),http://112.25.48.68/live/program/live/ynws/1300000/mnf.m3u8
情殇乱世佳,https://goodiptv.club/douyu/8368928
人在囧途之港囧,https://vip.ffzy-play7.com/20230112/11082_fde1a94d/index.m3u8
云南都市 (1080p),http://39.130.202.81:6610/gitv_live/G_YNTV-2-HD/G_YNTV-2-HD.m3u8
懂懂1234,https://goodiptv.club/douyu/8729614
拆弹专家1,https://vip.ffzy-online.com/20221015/719_80ff87c2/index.m3u8
五星体育 (720p),http://223.110.245.147/ott.js.chinamobile.com/PLTV/3/224/3221226799/index.m3u8
懒猫是只喵,https://goodiptv.club/douyu/260322
拆弹专家2,https://vip.ffzy-online.com/20221015/722_e32c42bc/index.m3u8
亚太台 (480p),http://174.127.67.246/live330/playlist.m3u8
戏晶SHOW,https://goodiptv.club/douyu/9565130
寒战,https://vip.ffzy-play6.com/20221019/157_bf0740ee/index.m3u8
交城電視台 (576p),http://sxjc.chinashadt.com:2036/live/stream:jctv.stream/playlist.m3u8
成龙历险纪,https://goodiptv.club/douyu/2287949
我不是药神,https://vip.ffzy-play1.com/20221018/478_c3afed66/index.m3u8
京视剧场 (576p),http://223.110.245.143/ott.js.chinamobile.com/PLTV/3/224/3221227040/index.m3u8
我为奥迪上黄金,https://goodiptv.club/douyu/9336286
让子弹飞,https://vip.ffzy-play7.com/20230116/11563_b9f44814/index.m3u8
亳州农村 (360p),http://220.180.110.101:8083/videos/live/39/13/o4ncrHkSp7q09/o4ncrHkSp7q09.m3u8
我们可爱的程程,https://goodiptv.club/douyu/329667
龙门飞甲,http://jsmov2.a.yximgs.com/bs3/video-hls/5203346449046555193_hlsb.m3u8
亳州新聞頻道 (360p),http://220.180.110.101:8083/videos/live/33/59/NC7XQdEveyncq/NC7XQdEveyncq.m3u8
我叫孙火旺,https://goodiptv.club/douyu/9770949
BRTV纪实科教,http://120.76.248.139/live/bfgd/4200000113.m3u8
仙桃新聞綜合 (576p),http://221.233.242.239:280/live/71/playlist.m3u8
我叫萌迪迪V,https://goodiptv.club/douyu/5354705
BRTV卡酷少儿,http://rrs01.hw.gmcc.net:8088/PLTV/81/224/3221226677/1.m3u8
仙桃生活文體 (576p),http://221.233.242.239:280/live/72/playlist.m3u8
我是YOLO啊,https://goodiptv.club/douyu/5077166
BRTV新闻,http://[2409:8087:1:20:20::2a]/otttv.bj.chinamobile.com/PLTV/88888888/224/3221226437/1.m3u8?GuardEncType=2&accountinfo=%7E%7EV2.0%7EncK5uEAdYwWMsf8WJWI1mQ%7E_eNUbgU9sJGUcVVduOMKhafLvQUgE_zlz_7pvDimJNO_LSIQh_h2P54Cz-MqgJqC%2CEND
余姚姚江文化 (576p),https://l.cztvcloud.com/channels/lantian/SXyuyao3/720p.m3u8
我是一只粽子啊啊,https://goodiptv.club/douyu/8867276
BRTV影视,https://hsplay-360.v.btime.com/live_btime/btv_sn_20170706_s4/index.m3u8?time=1742954511&sign=5241ba5667bd08639fd195ea9db6da5a
余姚新闻综合 (576p),https://l.cztvcloud.com/channels/lantian/SXyuyao1/720p.m3u8
我是一只西瓜啊,https://goodiptv.club/douyu/9065082
BRTV文艺,https://hsplay-360.v.btime.com/live_btime/btv_sn_20170706_s2/index.m3u8?time=1742954441&sign=36eca1b00f7de9e79ecc4449bcaa35d5
兵团卫视 (540p) [Not 24/7],http://112.25.48.68/live/program/live/btws/1300000/mnf.m3u8
我是怪异君V,https://goodiptv.club/douyu/10279570
BRTV财经,http://[2409:8087:1:20:20::2a]/otttv.bj.chinamobile.com/PLTV/88888888/224/3221226516/1.m3u8?GuardEncType=2&accountinfo=%7E%7EV2.0%7Eh9_SEkmWeMdS1TMnIILZgg%7E_eNUbgU9sJGUcVVduOMKhafLvQUgE_zlz_7pvDimJNPIiicEW7OIvk1s-X-PXHqO%2CEND
内江公共 (720p),http://njzb.scnj.tv:90/live/gggy_gggy800.m3u8
我是瓜皮儿本人a,https://goodiptv.club/douyu/9665696
BRTV生活,http://[2409:8087:1:20:20::2a]/otttv.bj.chinamobile.com/PLTV/88888888/224/3221226514/1.m3u8?GuardEncType=2&accountinfo=%7E%7EV2.0%7Es-PVNcPJsjr_oBdcXGT40g%7E_eNUbgU9sJGUcVVduOMKhafLvQUgE_zlz_7pvDimJNMWvZ0r6eMXcXJOGrCpJiq1%2CEND
内江科教 (720p),http://njzb.scnj.tv:90/live/kjpd_kjpd800.m3u8
我是阿树酱,https://goodiptv.club/douyu/9486020
BRTV体育休闲,http://smjdenny.eu.org:35455/bptv/10000100000000050000000003870779.m3u8
内蒙古 (576p),http://223.110.245.161/ott.js.chinamobile.com/PLTV/3/224/3221225836/index.m3u8
我的超能力女友,https://goodiptv.club/douyu/9501159
BRTV国际频道,http://[2409:8087:1:20:20::2a]/otttv.bj.chinamobile.com/PLTV/88888888/224/3221226510/1.m3u8?GuardEncType=2&accountinfo=%7E%7EV2.0%7EIfgL7tTUNqHAIdgvKuwj8A%7E_eNUbgU9sJGUcVVduOMKhafLvQUgE_zlz_7pvDimJNPr9j5nfyiWS_jEXD6m401A%2CEND
内蒙古卫视 (576p),http://39.134.115.163:8080/PLTV/88888910/224/3221225667/index.m3u8
我砸晕了牛顿奥,https://goodiptv.club/douyu/1218414
北京4K超清,http://[2409:8087:1:20:20::26]/otttv.bj.chinamobile.com/PLTV/88888888/224/3221226550/1.m3u8?GuardEncType=2&accountinfo=~~V2.0~e2qS8h6u-xp3gd50vNr1sw~_eNUbgU9sJGUcVVduOMKhafLvQUgE_zlz_7pvDimJNPPFD3HVWEytEVyliOxehfe%2CEND
内蒙古卫视 (576p),http://117.169.120.140:8080/live/neimenggustv/.m3u8
戒喵中心,https://goodiptv.club/douyu/8658212
淘BABY,http://[2409:8087:1:20:20::2c]/otttv.bj.chinamobile.com/PLTV/88888888/224/3221226554/1.m3u8?GuardEncType=2&accountinfo=%7E%7EV2.0%7EN0sbBMpQv4sLsW5foy3YfA%7E_eNUbgU9sJGUcVVduOMKhafLvQUgE_zlz_7pvDimJNNg3bzRax0E9tLmO9xgXVx8%2CEND
内蒙古卫视 (576p),http://183.207.248.71/gitv/live1/G_NEIMENGGU/G_NEIMENGGU
戴萌兔,https://goodiptv.club/douyu/9522315
萌宠TV,http://[2409:8087:1:20:20::26]/otttv.bj.chinamobile.com/PLTV/88888888/224/3221226555/1.m3u8?GuardEncType=2&accountinfo=%7E%7EV2.0%7E_PpxWPtvSZRFtu_Ged-vQ%7E_eNUbgU9sJGUcVVduOMKhafLvQUgE_zlz_7pvDimJNO0istnBuoA2R9ODSCqyIyS%2CEND
内蒙古卫视 (576p),http://223.110.245.173/PLTV/4/224/3221225836/index.m3u8
户外老曹,https://goodiptv.club/douyu/9957389
优优宝贝,http://120.76.248.139/live/bfgd/4200000153.m3u8
农安新闻综合 [Geo-blocked],https://stream2.jlntv.cn/naxw/sd/live.m3u8
扒圈圈V,https://goodiptv.club/douyu/9649913
中华特产,http://120.76.248.139/live/bfgd/4200000158.m3u8
凤凰资讯 (720p),http://223.110.245.167/ott.js.chinamobile.com/PLTV/3/224/3221226923/index.m3u8
拳击大王,https://goodiptv.club/douyu/9385340
生态环境,http://120.76.248.139/live/bfgd/4200000149.m3u8
凤凰资讯 (576p),http://125.210.152.18:9090/live/FHZX_1200.m3u8
拳叔二次元,https://goodiptv.club/douyu/9484105
四海钓鱼,http://120.76.248.139/live/bfgd/4200000229.m3u8
利川公共 (576p) [Geo-blocked],http://lichuan.live.tempsource.cjyun.org/videotmp/s10093-lcgg.m3u8
挖沟连彭沟长,https://goodiptv.club/douyu/8413092
车迷频道,http://120.76.248.139/live/bfgd/4200000146.m3u8
利川公共 (180p) [Not 24/7],http://uni6rtmp.tulix.tv:1935/vbstv/vbsabr.smil/chunklist_w1847269952_b204800.m3u8
掌上Club,https://goodiptv.club/douyu/1770806
环球旅游,http://120.76.248.139/live/bfgd/4200000147.m3u8
利川新闻综合 (480p) [Not 24/7],http://uni6rtmp.tulix.tv:1935/vbstv/vbsabr.smil/chunklist_w439903609_b1228800.m3u8
探秘者大正,https://goodiptv.club/douyu/9330485
上海新闻,http://bp-livetytv.bestv.cn/ch/bestvxwzh.m3u8
前郭综合 [Geo-blocked],https://stream2.jlntv.cn/qg/sd/live.m3u8
搞笑动漫大本营,https://goodiptv.club/douyu/9650181
萧山综合,http://l.cztvcloud.com/channels/lantian/SXxiaoshan1/720p.m3u8
动作电影 (1080p),http://39.134.19.68/dbiptv.sn.chinamobile.com/PLTV/88888888/224/3221226465/index.m3u8
搞笑天堂岛,https://goodiptv.club/douyu/6916081
茶友频道,http://drive.mxmy.net:8888/udp/239.3.1.165:8001
动画王国 (1080p),http://183.207.248.71/cntv/live1/donghuawg/donghuawg
搞笑孟文明,https://goodiptv.club/douyu/9766337
四川新闻,http://wouu.net:9977/udp/239.93.0.47:5140
北京紀實 (1080p),http://39.134.115.163:8080/PLTV/88888910/224/3221225675/index.m3u8
搞笑院长,https://goodiptv.club/douyu/8829915
峨眉电影,http://wouu.net:9977/udp/239.93.1.54:5140
北京紀實 (1080p),http://39.134.115.163:8080/PLTV/88888910/224/3221225676/index.m3u8
敢来碰我,https://goodiptv.club/douyu/10308225
四川影视文艺,http://wouu.net:9977/udp/239.93.0.166:5140
北京财经 [Not 24/7],http://ivi.bupt.edu.cn/hls/btv5.m3u8
敬汉卿250,https://goodiptv.club/douyu/2912165
四川经济,http://wouu.net:9977/udp/239.93.1.101:5140
北京青年 [Not 24/7],http://ivi.bupt.edu.cn/hls/btv8.m3u8
数据库saber,https://goodiptv.club/douyu/9720506
四川文化旅游,http://wouu.net:9977/udp/239.93.1.102:5140
北碚综合 (576p) [Not 24/7],http://222.178.181.121:12034/beibei01.m3u8
文侠灬杨杨,https://goodiptv.club/douyu/10317257
四川公共乡村,http://wouu.net:9977/udp/239.93.0.52:5140
华亭电视台 (1080p),http://117.156.28.119/270000001111/1110000148/index.m3u8
文曰小强,https://goodiptv.club/douyu/2680501
四川妇女儿童,http://wouu.net:9977/udp/239.93.0.219:5140
华数 (720p) [Not 24/7],http://hls-ott-zhibo.wasu.tv/live/442/index.m3u8
文西与阿漆,https://goodiptv.club/douyu/8737695
沙湾融媒,http://tvfile.swrmt.com:80/nmip-media/channellive/channel100064/playlist.m3u8
南京十八 (576p),http://183.207.248.71/gitv/live1/G_NJSB/G_NJSB
斗鱼恐怖游戏合集,https://goodiptv.club/douyu/10401481
辽宁公共,http://dassby.qqff.top:99/live/辽宁公共/index.m3u8
南京少儿 (720p) [Not 24/7],https://live.nbs.cn/channels/njtv/sepd/m3u8:500k/live.m3u8
方攵日央木几,https://goodiptv.club/douyu/9942574
辽宁影视,http://dassby.qqff.top:99/live/辽宁影视剧/index.m3u8
南京教科 (720p) [Not 24/7],https://live.nbs.cn/channels/njtv/jkpd/m3u8:500k/live.m3u8
无才先生,https://goodiptv.club/douyu/8317571
辽宁青少,http://dassby.qqff.top:99/live/辽宁教育青少/index.m3u8
南京教科 (576p),http://183.207.248.71/gitv/live1/G_NJJK/G_NJJK
旧梦随人心,https://goodiptv.club/douyu/692533
辽宁公共,http://120.76.248.139/live/bfgd/4200000077.m3u8
南京教科 (576p),http://223.110.245.155/ott.js.chinamobile.com/PLTV/3/224/3221227194/index.m3u8
旺仔大哥哥阿,https://goodiptv.club/douyu/9629361
辽宁公共,http://120.76.248.139/live/bfgd/4200000481.m3u8
南川新闻综合 (360p),http://221.5.213.4:30000/1111.m3u8
昆仑决KLF,https://goodiptv.club/douyu/1753007
广东大湾区,http://222.128.55.152:9080/live/dwq.m3u8
南川旅游经济 (360p),http://221.5.213.4:30000/2222.m3u8
昆特牌之大哥食正野,https://goodiptv.club/douyu/7919720
广东公共,http://218.13.14.6:60050/tsfile/live/1020_1.m3u8
南阳新闻 (1080p) [Not 24/7],http://30539.hlsplay.aodianyun.com/lms_30539/tv_channel_142.m3u8
星空茶茶,https://goodiptv.club/douyu/8635497
广东影视,http://119.32.12.17:2901/udp/224.1.100.11:11111
南陽公共頻道 (1080p) [Not 24/7],http://30539.hlsplay.aodianyun.com/lms_30539/tv_channel_295.m3u8
是不是Pro,https://goodiptv.club/douyu/9475113
广东少儿,http://119.32.12.17:2901/udp/224.1.100.9:11111
南陽科教頻道 (1080p) [Not 24/7],http://30539.hlsplay.aodianyun.com/lms_30539/tv_channel_296.m3u8
是个小可爱iiii,https://goodiptv.club/douyu/9650782
广东经济科教,http://119.32.12.17:2901/udp/224.1.100.6:11111
厦门卫视 (576p),http://223.110.245.159/ott.js.chinamobile.com/PLTV/3/224/3221226996/index.m3u8
是你的迷弟吖,https://goodiptv.club/douyu/7039598
广州新闻,http://tencentplay.gztv.com/live/xinwen.m3u8?txSecret=d2c2db0b598c02ec1b5623728434d367&txTime=18d57929bd3
厦门卫视 (540p) [Not 24/7],http://112.25.48.68/live/program/live/xmws/1300000/mnf.m3u8
是小x同学呀,https://goodiptv.club/douyu/9415020
广州法治,http://tencentplay.gztv.com/live/fazhi.m3u8?txSecret=3e84cd8eba844b5dc2150612295c7a52&txTime=18d578f4493
发现之旅 (576p),http://125.210.152.18:9090/live/FXZL_750.m3u8
是真的林虎LinHu,https://goodiptv.club/douyu/9540113
南国都市,http://tencentplay.gztv.com/live/nanguodushi.m3u8?txSecret=140110ae3d6c936a77f94c4f4d85b0d3&txTime=18d57929bd4
吉州新聞綜合 (1080p),http://218.204.153.158/10.m3u8
是脑洞君君君,https://goodiptv.club/douyu/9360149
东莞新闻综合,https://stream.sun0769.com/dgrtv1/mp4tv1_800/index.m3u8
吉林卫视 (2160p),http://118.81.195.79:9003/hls/34/index.m3u8
晓晓666666,https://goodiptv.club/douyu/426517
东莞生活资讯,https://stream.sun0769.com/dgrtv1/mp4tv2_800/index.m3u8
吉林市新闻综合 [Geo-blocked],https://stream2.jlntv.cn/jilin1/sd/live.m3u8
智仗心,https://goodiptv.club/douyu/5635000
番禺综合,http://video.epaper.pybtv.cn:8080/live/rtmp_live_demo.flv
吴江新闻综合 (720p) [Not 24/7],http://30515.hlsplay.aodianyun.com/lms_30515/tv_channel_239.m3u8
暮肆Mousse,https://goodiptv.club/douyu/9634199
河源综合,http://tmpstream.hyrtv.cn/xwzh/sd/live.m3u8
和政电视台,http://117.156.28.119/270000001111/1110000149/index.m3u8
暴走兄弟v,https://goodiptv.club/douyu/9350960
河源公共,http://tmpstream.hyrtv.cn/hygg/sd/live.m3u8
嘉佳卡通 (576p),http://223.110.245.139/PLTV/4/224/3221227009/index.m3u8
暴走漫画,https://goodiptv.club/douyu/1275878
江苏新闻,http://20240504.shunyue1809.com:6321/udp/239.49.8.120:8000
嘉佳卡通 (广东) (540p) [Not 24/7],http://112.25.48.68/live/program/live/jjkt/1300000/mnf.m3u8
暴躁少女零九,https://goodiptv.club/douyu/9065302
江苏综艺,https://stream1.freetv.fun/f8ef469943662bed2abc6609d9ef1720b9e93a8a0bd6f5789133461e36763f37.m3u8
四川 Ⅰ 四川影视台 (720p) [Not 24/7],http://scgctvshow.sctv.com/hdlive/sctv5/index.m3u8
曹小灵比比叨,https://goodiptv.club/douyu/10289400
江苏体育休闲,https://stream1.freetv.fun/af1087a1c24fff7af556ac8e6c5c623303d52966f67a998cefb52c17811b09a2.ctv
四川 Ⅰ 四川新闻台 (720p) [Not 24/7],http://scgctvshow.sctv.com/hdlive/sctv4/index.m3u8
月影Yueing212,https://goodiptv.club/douyu/8885525
武术世界,http://www.lizhinas.top:1009/rtp/239.252.220.180:5140
四川 Ⅰ 巴中综合台 (1080p) [Not 24/7],http://30814.hlsplay.aodianyun.com/lms_30814/tv_channel_246.flv
有一辆立标奔驰,https://goodiptv.club/douyu/12442176
文物宝库,http://www.lizhinas.top:1009/rtp/239.252.220.158:5140
四川 Ⅰ 星空购物台 (720p) [Not 24/7],http://scgctvshow.sctv.com/hdlive/sctv6/index.m3u8
有趣视频分享,https://goodiptv.club/douyu/1816353
梨园频道,http://www.lizhinas.top:1009/rtp/239.252.220.179:5140
四川 Ⅰ 达州公共台 (720p) [Not 24/7],http://m3u8.channellive.dzxw.net/cms/videos/nmip-media/channellive/channel36/playlist.m3u8
朔涵君,https://goodiptv.club/douyu/9354201
河南新闻,http://www.cdnstv.com:6398/hls/1114/index.m3u8
四川 Ⅰ 达州综合台 (720p) [Not 24/7],http://m3u8.channellive.dzxw.net/cms/videos/nmip-media/channellive/channel35/playlist.m3u8
木JJ,https://goodiptv.club/douyu/9575463
河南乡村,http://www.cdnstv.com:6398/hls/1116/index.m3u8
四川公共 (720p),http://scgctvshow.sctv.com/hdlive/sctv9/index.m3u8
本主儿,https://goodiptv.club/douyu/9565677
河南戏曲,http://www.cdnstv.com:6398/hls/1119/index.m3u8
四川妇女儿童 (720p) [Not 24/7],http://scgctvshow.sctv.com/hdlive/sctv7/index.m3u8
朱一旦的枯燥生活v,https://goodiptv.club/douyu/7907979
河南法治,http://www.cdnstv.com:6398/hls/1112/index.m3u8
四平新闻综合 [Geo-blocked],https://stream2.jlntv.cn/sptv/sd/live.m3u8
李会长街溜子,https://goodiptv.club/douyu/9741805
河南电视剧,http://www.cdnstv.com:6398/hls/1113/index.m3u8
大冶一套 [Geo-blocked],http://dayeyun.live.tempsource.cjyun.org/videotmp/s10102-TC1T.m3u8
李允儿er的助眠小窝,https://goodiptv.club/douyu/9038894
收藏天下,http://www.cdnstv.com:6398/hls/1118/index.m3u8
大冶二套 [Geo-blocked],http://dayeyun.live.tempsource.cjyun.org/videotmp/s10102-TC2T.m3u8
李李李蚊香,https://goodiptv.club/douyu/4786399
中华功夫,http://www.cdnstv.com:6398/hls/1120/index.m3u
大悟综合 [Geo-blocked],http://yunshangdawu.live.tempsource.cjyun.org/videotmp/s10129-dwzhpd.m3u8
村野趣事荟,https://goodiptv.club/douyu/5794474
河南电视剧,http://1.94.31.214/php/hntv.php?id=hndsj
大爱海外 (720p),https://pulltv3.wanfudaluye.com/live/tv3.m3u8
来呀官人V,https://goodiptv.club/douyu/9986305
河南法治,http://1.94.31.214/php/hntv.php?id=hmfz
天津卫视 (1080p),http://39.134.115.163:8080/PLTV/88888910/224/3221225698/index.m3u8
杨山羊goat,https://goodiptv.club/douyu/6300365
河南新闻,http://1.94.31.214/php/hntv.php?id=hnxw
天津卫视 (1080p),http://39.134.115.163:8080/PLTV/88888910/224/3221225739/index.m3u8
杰克大魔王V,https://goodiptv.club/douyu/9729740
河南公共,http://1.94.31.214/php/hntv.php?id=hngg
天津卫视 (1080p),http://112.25.48.68/live/program/live/tjwshd/4000000/mnf.m3u8
林家渔妹,https://goodiptv.club/douyu/9348805
河南乡村,http://1.94.31.214/php/hntv.php?id=hnxc
天津卫视 (1080p),http://117.169.120.140:8080/live/hdtianjinstv/.m3u8
果冻lui,https://goodiptv.club/douyu/9191790
河南国际,http://1.94.31.214/php/hntv.php?id=hngj
天津卫视 (1080p),http://183.207.248.71/cntv/live1/HD-2500k-1080P-tianjinstv/HD-2500k-1080P-tianjinstv
果冻萌萌的丶,https://goodiptv.club/douyu/9607934
河南梨园,http://1.94.31.214/php/hntv.php?id=hnly
天津卫视 (1080p),http://223.110.243.170/PLTV/3/224/3221227212/index.m3u8
枫泽雨畔,https://goodiptv.club/douyu/5279518
文物宝库,http://1.94.31.214/php/hntv.php?id=wwbk
天津卫视 (1080p),http://223.110.245.155/ott.js.chinamobile.com/PLTV/3/224/3221227382/index.m3u8
某声悠,https://goodiptv.club/douyu/8896100
武术世界,http://1.94.31.214/php/hntv.php?id=wspd
天津卫视 (1080p),http://223.110.245.165/ott.js.chinamobile.com/PLTV/3/224/3221227407/index.m3u8
柠柠柠萌菌,https://goodiptv.club/douyu/9720895
睛彩中原,http://1.94.31.214/php/hntv.php?id=jczy
天津卫视 (1080p),http://223.110.245.170/PLTV/3/224/3221227212/index.m3u8
柠檬檬檬儿vlog,https://goodiptv.club/douyu/9624845
移动戏曲,http://1.94.31.214/php/hntv.php?id=ydxj
天津卫视 (576p),http://183.207.249.12/PLTV/4/224/3221225808/index.m3u8
柳青瑶本尊,https://goodiptv.club/douyu/2281324
象视界,http://1.94.31.214/php/hntv.php?id=xsj
天津卫视 (576p),http://223.110.245.151/ott.js.chinamobile.com/PLTV/3/224/3221225808/index.m3u8
桀骜不驯认识,https://goodiptv.club/douyu/2041014
河北经济,http://1.94.31.214/php/hebei.php?id=jjsh
孟州电视台 (1080p) [Not 24/7],http://live.dxhmt.cn:9081/tv/10883-1.m3u8
梦夫人啊,https://goodiptv.club/douyu/9384527
河北影视,http://1.94.31.214/php/hebei.php?id=hbys
宁夏卫视 (576p) [Not 24/7],http://183.207.248.71/gitv/live1/G_NINGXIA/G_NINGXIA
梦觉教游泳,https://goodiptv.club/douyu/4531679
河北少儿,http://1.94.31.214/php/hebei.php?id=sekj
宁夏卫视 (576p),http://39.134.115.163:8080/PLTV/88888910/224/3221225726/index.m3u8
植物椿de房间,https://goodiptv.club/douyu/9771247
河北公共,http://1.94.31.214/php/hebei.php?id=hbgg
宁夏卫视 (576p),http://117.169.120.140:8080/live/ningxiastv/.m3u8
楚汉炒果条丶,https://goodiptv.club/douyu/6785471
河北睛彩,http://vip.lqcc.xyz:15511/rtp/239.254.200.27:6000
宁夏卫视 (576p),http://183.207.248.11/PLTV/4/224/3221225842/index.m3u8
橘癫疯Oswald,https://goodiptv.club/douyu/8793544
河北杂技,http://vip.lqcc.xyz:15511/rtp/239.254.201.139:7203
宁夏卫视 (576p),http://223.110.245.151/ott.js.chinamobile.com/PLTV/3/224/3221225842/index.m3u8
橙记Orange丶,https://goodiptv.club/douyu/4549169
邢台生活,https://jwcdnqx.hebyun.com.cn/live/xtcsshpd/1500k/tzwj_video.m3u8
宁夏卫视 (540p),http://112.25.48.68/live/program/live/nxws/1300000/mnf.m3u8
正宗吔汁吔树牌,https://goodiptv.club/douyu/10217953
石家庄城市服务,http://nn.7x9d.cn/石家庄.php?id=5
安徽 Ⅰ 郎溪综合台 (1080p),http://117.70.93.210:1935/live/xinwen/playlist.m3u8
武侠剧场,https://goodiptv.club/douyu/9285904
石家庄文化娱乐,http://nn.7x9d.cn/石家庄.php?id=6
安徽 Ⅰ 铜陵公共 (720p),http://dstpush1.retalltech.com/app/stream2.m3u8
民工小代,https://goodiptv.club/douyu/9616619
邯郸公共频道,https://jwcdnqx.hebyun.com.cn/live/hdgg/1500k/tzwj_video.m3u8
安徽 Ⅰ 铜陵综合 (720p),http://dstpush1.retalltech.com/app/stream1.m3u8
民间高手show,https://goodiptv.club/douyu/10372765
鹿泉二套,https://jwcdnqx.hebyun.com.cn/live/luquaner/1500k/tzwj_video.m3u8
安徽卫视 (2160p),http://118.81.195.79:9003/hls/21/index.m3u8
永无叙V,https://goodiptv.club/douyu/9442980
西部电影,http://112.46.105.20:8009/hls/62/index.m3u8
安徽卫视 (576p),http://183.207.248.71/gitv/live1/AHWS/AHWS
永远快乐的小美女,https://goodiptv.club/douyu/6091425
新闻咨询,http://112.46.105.20:8009/hls/18/index.m3u8
完美游戏 (1080p) [Not 24/7],http://183.207.248.71/cntv/live1/wmyx/wmyx
求求扣扣困困,https://goodiptv.club/douyu/8795274
都市青春,http://112.46.105.20:8009/hls/19/index.m3u8
家庭影院 (1080p),http://39.134.19.153/dbiptv.sn.chinamobile.com/PLTV/88888888/224/3221226462/index.m3u8
沂沐啊,https://goodiptv.club/douyu/9481137
体育休闲,http://112.46.105.20:8009/hls/24/index.m3u8
家庭理财 (576p),http://223.110.245.139/PLTV/4/224/3221227011/index.m3u8
沉郁观影,https://goodiptv.club/douyu/9393577
陕西银龄,http://112.46.105.20:8009/hls/20/index.m3u8
家有购物 (720p) [Not 24/7],http://183.207.248.71/cntv/live1/SD-1500k-576P-jiayougw/SD-1500k-576P-jiayougw
没腿毛的哥哥,https://goodiptv.club/douyu/9720447
陕西秦腔,http://112.46.105.20:8009/hls/22/index.m3u8
宿州公共 (1080p) [Not 24/7],http://live.ahsz.tv/video/s10001-ggpd/index.m3u8
沫子瞪片,https://goodiptv.club/douyu/8783035
乐家购物,http://112.46.105.20:8009/hls/23/index.m3u8
宿州新闻综合 (1080p) [Not 24/7],http://live.ahsz.tv/video/s10001-szzh/index.m3u8
油兔不二字幕组,https://goodiptv.club/douyu/8850453
西安新闻,http://112.46.105.20:8009/hls/28/index.m3u8
宿州科教 (1080p) [Not 24/7],http://live.ahsz.tv/video/s10001-kxjy/index.m3u8
泽静,https://goodiptv.club/douyu/9055742
西安都市,http://112.46.105.20:8009/hls/29/index.m3u8
宿迁公共 (480p),http://223.110.245.153/ott.js.chinamobile.com/PLTV/3/224/3221226939/index.m3u8
洋房姐姐,https://goodiptv.club/douyu/9172774
长影频道,http://tpc.x3322.net:9901/tsfile/live/1010_1.m3u8
少儿科教,http://121.19.134.246:808/hls/23/index.m3u8
流小豆,https://goodiptv.club/douyu/2441228
武汉电视剧,http://stream.appwuhan.com/2tzb/sd/live.m3u8
山东体育 (1080p) [Geo-blocked],http://livealone302.iqilu.com/iqilu/typd.m3u8
流心影者,https://goodiptv.club/douyu/9447717
武汉科技生活,http://stream.appwuhan.com/3tzb/sd/live.m3u8
山东农科 (406p) [Geo-blocked],http://livealone302.iqilu.com/iqilu/nkpd.m3u8
流浪吧王温暖,https://goodiptv.club/douyu/655973
海峡卫视,http://8.138.7.223/tv/hxws.m3u8
山东卫视 (1080p),http://39.134.115.163:8080/PLTV/88888910/224/3221225697/index.m3u8
海森堡事件录,https://goodiptv.club/douyu/9754849
福建乡村振兴公共,http://8.138.7.223/tv/fjtv1.php?id=fjxc
山东卫视 (1080p),http://39.134.115.163:8080/PLTV/88888910/224/3221225738/index.m3u8
海王尼加拉,https://goodiptv.club/douyu/10039005
福州新闻综合,http://8.138.7.223/tv/fjtv1.php?id=fz1
山东卫视 (1080p),http://117.169.120.140:8080/live/hdshandongstv/.m3u8
海男Rexv,https://goodiptv.club/douyu/9626732
泉州新闻综合,http://8.138.7.223/tv/fjtv1.php?id=qz1
山东卫视 (1080p),http://183.207.248.71/cntv/live1/HD-2500k-1080P-shandongstv/HD-2500k-1080P-shandongstv
淮秀帮官方,https://goodiptv.club/douyu/2519745
三明综合,http://8.138.7.223/tv/fjtv1.php?id=sm1
山东卫视 (1080p),http://223.110.243.171/PLTV/3/224/3221227258/index.m3u8
渔农泰叔,https://goodiptv.club/douyu/9348784
莆田综合,http://8.138.7.223/tv/fjtv1.php?id=pt1
山东卫视 (1080p),http://223.110.245.139/PLTV/4/224/3221227448/index.m3u8
渔戈兄弟赶海,https://goodiptv.club/douyu/9091847
南平综合,http://8.138.7.223/tv/fjtv1.php?id=np1
山东卫视 (1080p),http://223.110.254.207:6610/cntv/live1/HD-2500k-1080P-shandongstv/HD-2500k-1080P-shandongstv/1.m3u8
渔村小马,https://goodiptv.club/douyu/1447771
宁德新闻综合,http://8.138.7.223/tv/fjtv1.php?id=nd1
山东卫视 (720p),http://125.210.152.18:9090/live/SDWSHD_H265.m3u8
渔民老海,https://goodiptv.club/douyu/9272327
平潭综合,http://8.138.7.223/tv/fjtv1.php?id=pttv
山东卫视 (576p),http://183.207.248.71/gitv/live1/SDWS/SDWS
渚岸汐潮233,https://goodiptv.club/douyu/9518082
黑龙江公共农村,http://ottrrs.hl.chinamobile.com/PLTV/88888888/224/3221225994/index.m3u8
山东卫视 (576p),http://223.110.245.149/ott.js.chinamobile.com/PLTV/3/224/3221225804/index.m3u8
游钓中国李大毛,https://goodiptv.club/douyu/791411
哈尔滨都市咨询,http://stream.hrbtv.net/zxpd/sd/live.m3u8?zheild
山东少儿 (406p) [Geo-blocked],http://livealone302.iqilu.com/iqilu/sepd.m3u8
游钓黑坑一疯子,https://goodiptv.club/douyu/10103411
蒙语卫视,https://livestream-bt.nmtv.cn/nmtv/2315general.m3u8?txSecret=4971666599ef9411629213c9a300bf66&txTime=771EF880
山东居家购物 (360p) [Geo-blocked],http://livealone302.iqilu.com/iqilu/gwpd.m3u8
湖南花戏,https://goodiptv.club/douyu/12091975
呼市新闻综合,https://livestream-bt.nmtv.cn/nmtv/2331general.m3u8?txSecret=4d7342ca5cd74480526ab6d292247aff&txTime=771E8800
山东影视 (406p) [Geo-blocked],http://livealone302.iqilu.com/iqilu/yspd.m3u8
滑稽中二梦V,https://goodiptv.club/douyu/8829706
包头新闻综合,https://livestream-bt.nmtv.cn/nmtv/2358general.m3u8?txSecret=98390a77c143a68f0fd64bfe6e181dcb&txTime=771E8800
山东新闻 (1080p) [Geo-blocked],http://livealone302.iqilu.com/iqilu/ggpd.m3u8
满汉女神Yangqi,https://goodiptv.club/douyu/9650246
鄂尔多斯新闻,https://livestream-bt.nmtv.cn/nmtv/2349general.m3u8?txSecret=e44477052aba305cadeea45aaf1c674a&txTime=771E8800
山东生活 (1080p) [Geo-blocked],http://livealone302.iqilu.com/iqilu/shpd.m3u8
漠漠fumiyo,https://goodiptv.club/douyu/8911070
巴彦淖尔新闻,https://livestream-bt.nmtv.cn/nmtv/2348general.m3u8?txSecret=6a4ddce077e41b976fe33619fbef2b30&txTime=771E8800
山东综艺 (406p) [Geo-blocked],http://livealone302.iqilu.com/iqilu/zypd.m3u8
漫威君,https://goodiptv.club/douyu/1713615
赤峰新闻综合,https://livestream-bt.nmtv.cn/nmtv/2351general.m3u8?txSecret=8857087aeec2cec44d178a18550fdb8a&txTime=771E8800
山东齐鲁 (1080p) [Geo-blocked],http://livealone302.iqilu.com/iqilu/qlpd.m3u8
潜伏sc,https://goodiptv.club/douyu/9458345
乌兰察布新闻,https://livestream-bt.nmtv.cn/nmtv/2354general.m3u8?txSecret=cf5f71d0000862b18f5813607b3dfd5b&txTime=771E8800
山西卫视 (2160p),http://118.81.195.79:9003/hls/19/index.m3u8
火宗君丶,https://goodiptv.club/douyu/9580477
宁夏文旅,https://hls.ningxiahuangheyun.com/live/nxwl1M.m3u8
岳阳公共 (576p),http://live.hnxttv.com:9601/live/dspd/800K/tzwj_video.m3u8?BVUUID=C236454D-5355-2F5F-FA96-1887C72E55CE&auth=654837809071524@615@2E9A5FD0B225B012E3178551CF3754A8
火柴人HyunsDojo,https://goodiptv.club/douyu/9430394
甘肃公共应急,https://hls.gstv.com.cn/49048r/3t5xyc.m3u8
岷县电视台 (1080p),http://117.156.28.119/270000001111/1110000130/index.m3u8
热星音乐菌,https://goodiptv.club/douyu/8405922
甘肃文化影视,https://hls.gstv.com.cn/49048r/w1l6d5.m3u8
嵊州综合 (720p) [Not 24/7],https://l.cztvcloud.com/channels/lantian/SXshengzhou1/720p.m3u8
然续续,https://goodiptv.club/douyu/9609171
赣州新闻,https://pili-live-hls-sjxgz2024.sobeylive.com/jxgz2024/396_q_live172526329228525.m3u8
广东 Ⅰ 韶关公共台 (720p) [Not 24/7],https://www.sgmsw.cn/videos/tv/201805/1308/9P424TC5M000AFO13CXK6GN6BOA889D2/hls/live.m3u8
爆笑行为大赏,https://goodiptv.club/douyu/10329767
赣州新闻综合,http://play-live-hls.jxtvcn.com.cn/live/tv_ganzhou.m3u8
广东 Ⅰ 韶关综合台 (720p) [Not 24/7],https://www.sgmsw.cn/videos/tv/201805/1308/SB05RIYZOU8JR418AUQOF62CAJQ08D0E/hls/live.m3u8
爪子drumdoll,https://goodiptv.club/douyu/6428730
赣州公共,https://pili-live-hls-sjxgz2024.sobeylive.com/jxgz2024/396_q_live172526334096251.m3u8
广东卫视 (2160p),http://118.81.195.79:9003/hls/26/index.m3u8
爱唱跳Rap的胖虎,https://goodiptv.club/douyu/5895598
赣州教育,https://pili-live-hls-sjxgz2024.sobeylive.com/jxgz2024/396_q_live172526335287668.m3u8
广水新闻综合 [Geo-blocked],http://guangshui.live.tempsource.cjyun.org/videotmp/s10146-GSXW.m3u8
爱好恐怖片的美男子,https://goodiptv.club/douyu/9280384
1983年春晚,http://txmov2.a.kwimgs.com/bs3/video-hls/5207287136834522947_hlshd15.m3u8
广西卫视 (576p),http://118.81.195.79:9003/hls/27/index.m3u8
爱旅行的巧克力,https://goodiptv.club/douyu/9653323
1984年春晚,https://txmov2.a.kwimgs.com/bs3/video-hls/5229242184269609742_hlshd15.m3u8
康巴卫视 (720p) [Not 24/7],http://scgctvshow.sctv.com/hdlive/kangba/1.m3u8
爱爱小s,https://goodiptv.club/douyu/10308312
1985年春晚,http://txmov2.a.kwimgs.com/bs3/video-hls/5227271857652377954_hlshd15.m3u8
康巴卫视 (576p),http://223.110.245.139/PLTV/4/224/3221227008/index.m3u8
爱玩客iVankr,https://goodiptv.club/douyu/317409
1986年春晚,https://txmov2.a.kwimgs.com/bs3/video-hls/5231493982164619599_hlshd15.m3u8
延边卫视 (576p),http://223.110.245.139/PLTV/4/224/3221227002/index.m3u8
爱黏人的圆子,https://goodiptv.club/douyu/9576933
1987年春晚,https://txmov2.a.kwimgs.com/bs3/video-hls/5195746663405928031_hlsb.m3u8
延边卫视 (576p),http://223.110.245.161/ott.js.chinamobile.com/PLTV/3/224/3221227002/index.m3u8
牛奶味的梦猪猪,https://goodiptv.club/douyu/5261342
1988年春晚,https://txmov2.a.kwimgs.com/bs3/video-hls/5216575810935394655_hlsb.m3u8
延边新闻综合 [Geo-blocked],https://stream2.jlntv.cn/jlyb/sd/live.m3u8
犀利影评,https://goodiptv.club/douyu/9647845
1989年春晚,https://txmov2.a.kwimgs.com/bs3/video-hls/5194620763762726260_hlsb.m3u8
建安电视台 (1080p) [Not 24/7],http://live.dxhmt.cn:9081/tv/11003-1.m3u8
狂阿弥爷,https://goodiptv.club/douyu/8975282
1992年春晚,https://txmov2.a.kwimgs.com/bs3/video-hls/5256826755663896297_hlshd15.m3u8
弈坛春秋 (576p),http://223.110.245.139/PLTV/4/224/3221227031/index.m3u8
狄胖胖与李乖乖,https://goodiptv.club/douyu/12183882
1993年春晚,https://alimov2.a.kwimgs.com/upic/2023/01/13/22/BMjAyMzAxMTMyMjEwMDNfNDAzMDAxOTlfOTM1MTIzMzYwODJfMF8z_b_B647d10e431b4cc5e48e6c77347d69021.mp4
张家界1 (240p) [Not 24/7],http://stream.zjjrtv.com/zjjtv1/hd/live.m3u8
猎奇笔记本,https://goodiptv.club/douyu/9627172
1994年春晚,https://alimov2.a.kwimgs.com/upic/2023/01/13/22/BMjAyMzAxMTMyMjEwMDNfNDAzMDAxOTlfOTM1MTIzMzYxMjNfMF8z_b_B3dde97f36273f04403d4dc5eec611a35.mp4
张家界2台 (240p) [Not 24/7],http://stream.zjjrtv.com/zjjtv2/hd/live.m3u8
猪弟驸马爷,https://goodiptv.club/douyu/8862501
1995年春晚,https://alimov2.a.kwimgs.com/upic/2023/01/13/20/BMjAyMzAxMTMyMDA5MjJfNDAzMDAxOTlfOTM0OTkwNDQwNzVfMF8z_b_B811c0dec6b9a3d3074a18522c185010a.mp4
徐州-1 (1080p),http://183.207.249.15/PLTV/3/224/3221225945/index.m3u8
猪肉熟了,https://goodiptv.club/douyu/296836
1996年春晚,https://alimov2.a.kwimgs.com/upic/2023/01/13/22/BMjAyMzAxMTMyMjEwMDNfNDAzMDAxOTlfOTM1MTIzMzYxNTJfMF8z_b_Bd841eae10ab1c9955ef55fbedfae6c45.mp4
徐州-3 (1080p),http://183.207.249.7/PLTV/3/224/3221225949/index.m3u8
猫猫村长,https://goodiptv.club/douyu/4716
1997年春晚,https://txmov2.a.kwimgs.com/bs3/video-hls/5230649583590411879_hlshd15.m3u8
徐州-3 (1080p),http://223.110.245.151/ott.js.chinamobile.com/PLTV/3/224/3221225949/index.m3u8
猫记丶,https://goodiptv.club/douyu/9242659
1998年春晚,https://txmov2.a.kwimgs.com/bs3/video-hls/5225864507896315430_hlshd15.m3u8
徐州-4 (1080p),http://183.207.249.15/PLTV/3/224/3221225951/index.m3u8
王Li差点红,https://goodiptv.club/douyu/9348469
1999年春晚,https://txmov2.a.kwimgs.com/bs3/video-hls/5258234133675308186_hlshd15.m3u8
徐州公共頻道 (1080p),http://183.207.248.11/PLTV/3/224/3221225951/index.m3u8
王俊凯的资源组,https://goodiptv.club/douyu/8862216
2000年春晚,https://alimov2.a.kwimgs.com/upic/2023/01/13/21/BMjAyMzAxMTMyMTE4MzRfNDAzMDAxOTlfOTM1MDY4ODIxMTNfMF8z_b_Bdddf4e7ef0ff6cfd477857bb40e78419.mp4
徐州新聞綜合 (1080p),http://223.110.245.165/ott.js.chinamobile.com/PLTV/3/224/3221225945/index.m3u8
王子和史蒂文,https://goodiptv.club/douyu/9583975
2001年春晚,https://alimov2.a.kwimgs.com/upic/2023/01/13/20/BMjAyMzAxMTMyMDA5MjJfNDAzMDAxOTlfOTM0OTkwNDQyMDFfMF8z_b_B70592cb7c4054e9cabb675e849bbf4bd.mp4
徐州經濟生活 (1080p),http://223.110.245.167/ott.js.chinamobile.com/PLTV/3/224/3221225947/index.m3u8
理娱打挺疼,https://goodiptv.club/douyu/2925563
2002年春晚,https://alimov2.a.kwimgs.com/upic/2023/01/13/21/BMjAyMzAxMTMyMTE4MzRfNDAzMDAxOTlfOTM1MDY4ODIxNDdfMF8z_b_Ba6271d10b7e6cfae83759033a091f257.mp4
徐州贾汪旅游 (576p),http://223.110.245.147/ott.js.chinamobile.com/PLTV/3/224/3221227389/index.m3u8
瑟克斯潘克斯,https://goodiptv.club/douyu/9370434
2003年春晚,https://alimov2.a.kwimgs.com/upic/2023/01/14/23/BMjAyMzAxMTQyMzQxNDdfNDAzMDAxOTlfOTM2MTU0MTk1NDFfMF8z_b_B182749d2cd2ea9323639254af385f24b.mp4
房山电视台 (576p),https://live.funhillrm.com/2/playlist.m3u8
瓦岗寨主坑爹李,https://goodiptv.club/douyu/7661496
2004年春晚,https://alimov2.a.kwimgs.com/upic/2023/01/13/21/BMjAyMzAxMTMyMTE4MzRfNDAzMDAxOTlfOTM1MDY4ODIxOTVfMF8z_b_B86c4430b82ff5a7f4e8132f6ee558536.mp4
抚州公共 (270p),http://111.75.179.195:30767/video/live_vide2.m3u8
甜漫妮666,https://goodiptv.club/douyu/1569773
2005年春晚,https://alimov2.a.kwimgs.com/upic/2023/01/13/20/BMjAyMzAxMTMyMDA5MjJfNDAzMDAxOTlfOTM0OTkwNDQyMzhfMF8z_b_B35ad7cc86aec8fc9e5ddfb31fc7bed63.mp4
撫州綜合頻道 (270p) [Not 24/7],http://111.75.179.195:30767/video/live_vide.m3u8
甜粉粉的旅人呀,https://goodiptv.club/douyu/7335280
2006年春晚,https://alimov2.a.kwimgs.com/upic/2023/01/13/20/BMjAyMzAxMTMyMDA5MjJfNDAzMDAxOTlfOTM0OTkwNDQyNzlfMF8z_b_Bbc3703fc331dc994c50859c19aad28ff.mp4
敦煌电视台 (1080p),http://117.156.28.119/270000001111/1110000028/index.m3u8
用户1275665728,https://goodiptv.club/douyu/9067836
2007年春晚,https://alimov2.a.kwimgs.com/upic/2023/01/13/20/BMjAyMzAxMTMyMDA5MjJfNDAzMDAxOTlfOTM0OTkwNDQzMjNfMF8z_b_B00b069c7899976459ceeaa99353dfefe.mp4
文山综合 (1080p) [Not 24/7],http://m3u8.channel.wsrtv.com.cn/cms/videos/nmip-media/channellive/channel7/playlist.m3u8
用户2979101,https://goodiptv.club/douyu/9273031
2008年春晚,https://txmov2.a.kwimgs.com/bs3/video-hls/5210946337266019890_hlshd15.m3u8
新昌休闲影视 (1080p) [Not 24/7],https://l.cztvcloud.com/channels/lantian/SXxinchang2/720p.m3u8
用青春去旅行,https://goodiptv.club/douyu/9629423
2009年春晚,https://alimov2.a.kwimgs.com/upic/2023/01/13/20/BMjAyMzAxMTMyMDA5MjJfNDAzMDAxOTlfOTM0OTkwNDQzOTBfMF8z_b_B29a36a85e0277f6c2a1f033ef7c10708.mp4
新昌新聞綜合 (1080p) [Not 24/7],https://l.cztvcloud.com/channels/lantian/SXxinchang1/720p.m3u8
田园小漠,https://goodiptv.club/douyu/8669435
2010年春晚,https://alimov2.a.kwimgs.com/upic/2023/01/13/20/BMjAyMzAxMTMyMDA5MjJfNDAzMDAxOTlfOTM0OTkwNDQ0MjlfMF8z_b_B8818807a00eed329a69fb494f405bd43.mp4
新泰乡村党建 (480p) [Not 24/7],http://live.xtgdw.cn:1935/live/xtxc/playlist.m3u8
田浅浅w,https://goodiptv.club/douyu/9747144
2011年春晚,https://txmov2.a.kwimgs.com/bs3/video-hls/5243597434070590481_hlshd15.m3u8
新泰影視頻道 (480p) [Not 24/7],http://111.17.214.4:1935/live/xtys/playlist.m3u8
画渣花小烙,https://goodiptv.club/douyu/9072066
2012年春晚,https://txmov2.a.kwimgs.com/bs3/video-hls/5219953534755647343_hlshd15.m3u8
新泰影視頻道 (480p) [Not 24/7],http://live.xtgdw.cn:1935/live/xtys/playlist.m3u8
疯狂小潴潴,https://goodiptv.club/douyu/5522351
2013年春晚,https://alimov2.a.kwimgs.com/upic/2023/01/13/20/BMjAyMzAxMTMyMDA5MjJfNDAzMDAxOTlfOTM0OTkwNDQ1NjNfMF8z_b_B4fea55408dca4471a68a963ae096be59.mp4
新泰生活 (480p) [Not 24/7],http://111.17.214.4:1935/live/xtsh/playlist.m3u8
疯狂尛潴潴,https://goodiptv.club/douyu/4290711
2014年春晚,https://alimov2.a.kwimgs.com/upic/2023/01/06/16/BMjAyMzAxMDYxNjMxMTNfNDAzMDAxOTlfOTI4OTY2ODAzNjlfMF8z_b_Bdee65c77f9e7b2120a185c919dad81d2.mp4
新泰生活 (480p) [Not 24/7],http://live.xtgdw.cn:1935/live/xtsh/playlist.m3u8
白了个痴,https://goodiptv.club/douyu/319576
2015年春晚,https://txmov2.a.kwimgs.com/bs3/video-hls/5248101009010430183_hlshd15.m3u8
新泰综合 (480p) [Not 24/7],http://111.17.214.4:1935/live/xtzh/playlist.m3u8
白燥No1,https://goodiptv.club/douyu/280064
2016年春晚,https://txmov2.a.kwimgs.com/bs3/video-hls/5238530884094441260_hlshd15.m3u8
新泰综合 (480p) [Not 24/7],http://live.xtgdw.cn:1935/live/xtzh/playlist.m3u8
白鱼Sakana,https://goodiptv.club/douyu/9611771
2017年春晚,https://txmov2.a.kwimgs.com/bs3/video-hls/5191524564569524830_hlshd15.m3u8
新泰鄉村黨建 (480p) [Not 24/7],http://111.17.214.4:1935/live/xtxc/playlist.m3u8
百万巨星麒麟君,https://goodiptv.club/douyu/3431701
2018年春晚,https://alimov2.a.kwimgs.com/upic/2023/01/06/16/BMjAyMzAxMDYxNjMxMTRfNDAzMDAxOTlfOTI4OTY2ODE2MTBfMF8z_b_B11a778e34390a21de42d407e94f45b91.mp4
新疆卫视 (576p),http://39.134.115.163:8080/PLTV/88888910/224/3221225725/index.m3u8
百态人间大赏,https://goodiptv.club/douyu/8724904
2019年春晚,https://alimov2.a.kwimgs.com/upic/2023/01/06/16/BMjAyMzAxMDYxNjMxMTRfNDAzMDAxOTlfOTI4OTY2ODE2MTBfMF8z_b_B11a778e34390a21de42d407e94f45b91.mp4
新疆卫视 (576p),http://183.207.248.71/cntv/live1/xinjiangstv/xinjiangstv
皮皮动漫星球,https://goodiptv.club/douyu/8841920
2020年春晚,https://txmov2.a.kwimgs.com/bs3/video-hls/5222205336887088723_hlshd15.m3u8
新疆卫视 (576p),http://183.207.248.71/gitv/live1/G_XINJIANG/G_XINJIANG
皮皮游戏时光,https://goodiptv.club/douyu/7553744
2021年春晚,https://txmov2.a.kwimgs.com/bs3/video-hls/5255700831151909807_hlshd15.m3u8
新疆卫视 (576p),http://183.207.249.15/PLTV/3/224/3221225523/index.m3u8
目及WATCHER,https://goodiptv.club/douyu/8712204
2022年春晚,https://txmov2.a.kwimgs.com/bs3/video-hls/5224457109297710655_hlshd15.m3u8
新疆卫视 (576p),http://223.110.243.136/PLTV/3/224/3221225523/index.m3u8
睡丝虫,https://goodiptv.club/douyu/10308234
2023年春晚,https://txmov2.a.kwimgs.com/bs3/video-hls/5251197255879398624_hlshd15.m3u8
新疆卫视 (540p),http://112.25.48.68/live/program/live/xjws/1300000/mnf.m3u8
石头老纪,https://goodiptv.club/douyu/9047060
2024年春晚,https://p2.bdstatic.com/rtmp.liveshow.lss-user.baidubce.com/live/stream_bduid_6488563992_8982723413/merged_1707497046297_88536_25144_41936.m3u8
新郑综合 (1080p) [Not 24/7],http://live.dxhmt.cn:9081/tv/10184-1.m3u8
碎片记,https://goodiptv.club/douyu/9412981
2025年春晚,https://svipsvip.ffzyread1.com/20250129/35458_c988286f/index.m3u8
星空衛視 (576p),http://218.202.220.2:5000/nn_live.ts?id=STARTV
祝晓晗,https://goodiptv.club/douyu/9575293
2025年春晚 4K,https://svip.high24-playback.com/20250129/17159_7bca93c4/2000k/hls/mixed.m3u8
晋中公共 (1080p) [Not 24/7],http://jzlive.jztvnews.com:90/live/jzgg.m3u8
神奇的大智,https://goodiptv.club/douyu/9650047
BBC,http://fl2.moveonjoy.com/BBC_WORLD_NEWS/index.m3u8
晋中综合 (1080p),http://jzlive.jztvnews.com:90/live/jzzh.m3u8
神奇的老皮AmazingLP,https://goodiptv.club/douyu/8891285
CNA,https://d2e1asnsl7br7b.cloudfront.net/7782e205e72f43aeb4a48ec97f66ebbe/index_5.m3u8
景县电视一套 (576p) [Not 24/7],http://hbjx.chinashadt.com:1935/live/jx1.stream/playlist.m3u8
神烦xp,https://goodiptv.club/douyu/8286679
CNN,https://jmp2.uk/sam-GBBD8000016N.m3u8
景县电视一套 (360p) [Not 24/7],http://hbjx.chinashadt.com:1935/live/stream:jx1.stream_360p/playlist.m3u8
科学放映室,https://goodiptv.club/douyu/9439712
Fox LiveNow,https://jmp2.uk/sam-USBA300024TN.m3u8
智慧教育 (576p),http://111.63.117.13:6060/030000001000/G_CETV-4/G_CETV-4.m3u8
科幻Fans布玛,https://goodiptv.club/douyu/3508304
CBC News,https://dbrb49pjoymg4.cloudfront.net/v1/master/3fec3e5cac39a52b2132f9c66c83dae043dc17d4/prod_default_xumo-ams-aws/master.m3u8?ads.xumo_channelId=99991276
松原新闻综合 [Geo-blocked],https://stream2.jlntv.cn/sytv/sd/live.m3u8
科幻战舰,https://goodiptv.club/douyu/8772060
ABC News Live,https://d4ybyqrhce41r.cloudfront.net/v1/master/3fec3e5cac39a52b2132f9c66c83dae043dc17d4/prod-xumo-linear-nbcu-hlsv3/master.m3u8?ads.channelId=99991626
武进新闻 (576p) [Not 24/7],https://live.wjyanghu.com/live/CH1.m3u8
科幻梦工场,https://goodiptv.club/douyu/9608874
WionNews,https://d7x8z4yuq42qn.cloudfront.net/index_7.m3u8
武进生活 (576p) [Not 24/7],https://live.wjyanghu.com/live/CH2.m3u8
科技PRO,https://goodiptv.club/douyu/9446511
NHK World,https://nhkwlive-ojp.akamaized.net/hls/live/2003459/nhkwlive-ojp-en/index.m3u8
江津新闻综合 (480p),http://222.179.155.21:1935/ch1.m3u8
穆杉车话,https://goodiptv.club/douyu/9602107
NBC News Now,https://jmp2.uk/sam-GBBB1500004LG.m3u8
江津经济生活 (480p),http://222.179.155.21:1935/ch0.m3u8
竹儿公公,https://goodiptv.club/douyu/8807568
Sky News,https://i.mjh.nz/SamsungTVPlus/USBB52000022Q.m3u8
江苏 Ⅰ 连云港公共 (480p) [Not 24/7],https://live.lyg1.com/ggpd/sd/live.m3u8
竹公子有礼了,https://goodiptv.club/douyu/8887432
Al Jazeera,http://live-hls-web-aje.getaj.net/AJE/01.m3u8
江苏 Ⅰ 连云港综合 (480p) [Not 24/7],https://live.lyg1.com/zhpd/sd/live.m3u8
竹内亮导演,https://goodiptv.club/douyu/8933612
Arirang,https://amdlive-ch01-ctnd-com.akamaized.net/arirang_1ch/smil:arirang_1ch.smil/chunklist_b3256000_sleng.m3u8
江苏体育 (576p),http://183.207.248.71/gitv/live1/G_JSTY/G_JSTY
竹叶的熊猫,https://goodiptv.club/douyu/3870925
日本全天新闻,https://n24-cdn-live.ntv.co.jp/ch01/index_high.m3u8
江苏体育 (576p),http://183.207.249.12/PLTV/4/224/3221225935/index.m3u8
笑点组长,https://goodiptv.club/douyu/9535757
TRT World,https://tv-trtworld.live.trt.com.tr/master_1080.m3u8
江苏体育 (576p),http://223.110.245.157/ott.js.chinamobile.com/PLTV/3/224/3221225935/index.m3u8
笑笑笑团长,https://goodiptv.club/douyu/10329368
AXS TV Now,https://dikcfc9915kp8.cloudfront.net/hls/1080p/playlist.m3u8
江苏公共 (576p),http://183.207.248.71/gitv/live1/G_JSGG/G_JSGG
管哥视频,https://goodiptv.club/douyu/10181584
Bloomberg Asia,https://epg.pw/stream/d2edf469b9079064a283f4b0811cbf6f2597ebbb3d08dcf77036a4b5a791b7cf.m3u8
江苏卫视 (1080p) [Not 24/7],http://183.207.248.71/cntv/live1/HD-2500k-1080P-jiangsustv/HD-2500k-1080P-jiangsustv
箩卜君,https://goodiptv.club/douyu/7495810
Bloomberg Originals,https://i.mjh.nz/SamsungTVPlus/GBBC900012J9.m3u8
江苏卫视 (1080p),http://39.134.24.166/dbiptv.sn.chinamobile.com/PLTV/88888890/224/3221226200/index.m3u8
篮球之家老李,https://goodiptv.club/douyu/9170147
Fashion TV,http://91.247.68.229:8000/play/Fashion/index.m3u8
江苏卫视 (1080p),http://39.134.115.163:8080/PLTV/88888910/224/3221225702/index.m3u8
篮球人物,https://goodiptv.club/douyu/8434598
Trace Sports,https://lightning-tracesport-samsungau.amagi.tv/playlist1080p.m3u8
江苏卫视 (1080p),http://39.134.115.163:8080/PLTV/88888910/224/3221225743/index.m3u8
篮球小人物,https://goodiptv.club/douyu/9184257
RT News（英语国际）,https://rt-glb.rttv.com/dvr/rtnews/playlist_4500Kb.m3u8
江苏卫视 (1080p),http://112.25.48.68/live/program/live/jswshd/4000000/mnf.m3u8
篮球过人技巧,https://goodiptv.club/douyu/9406897
RT Español（西语）,https://rt-esp.rttv.com/dvr/rtesp/playlist_4500Kb.m3u8
江苏卫视 (1080p),http://117.169.120.140:8080/live/hdjiangsustv/.m3u8
篮球长镜头,https://goodiptv.club/douyu/9399887
RT Français（法语）,https://rt-fra.rttv.com/dvr/rtfrance/playlist_4500Kb.m3u8
江苏卫视 (1080p),http://183.207.248.71/cntv/live1/jiangsustv/jiangsustv
米尼影院,https://goodiptv.club/douyu/7642724
RT Arabic（阿语）,https://rt-arb.rttv.com/dvr/rtarab/playlist_4500Kb.m3u8
江苏卫视 (1080p),http://183.207.249.34/PLTV/4/224/3221227402/index.m3u8
粤男有话儿,https://goodiptv.club/douyu/8764282
RT DE（德语）,https://rt-ger.rttv.com/dvr/rtdeutsch/playlist_4500Kb.m3u8
江苏卫视 (1080p),http://223.110.245.157/ott.js.chinamobile.com/PLTV/3/224/3221227439/index.m3u8
粤知一二,https://goodiptv.club/douyu/2940299
RT Balkan （塞尔维亚语）,https://rt-srb.rttv.com/dvr/rtbalkan/playlist_4500Kb.m3u8
江苏卫视 (1080p),http://223.110.245.170/PLTV/3/224/3221227255/index.m3u8
粽子酱v,https://goodiptv.club/douyu/9390685
RT Documentary（英语纪录）,https://rt-rtd.rttv.com/dvr/rtdoc/playlist_4500Kb.m3u8
江苏卫视 (576p),http://183.207.248.71/gitv/live1/JSWS-HD/JSWS-HD
繁星之所在,https://goodiptv.club/douyu/6033135
RT Doc-Русский（俄语纪录）,https://rt-doc.rttv.com/dvr/rtdru/rtdru1080.m3u8
江苏城市 (576p),http://183.207.248.71/gitv/live1/G_JSCS/G_JSCS
红鼻子小黑吖,https://goodiptv.club/douyu/5832053
SKY,http://streamsy.online:2999/coachj88/N93DPKS9pJ/330
江苏城市 (576p),http://223.110.245.143/ott.js.chinamobile.com/PLTV/3/224/3221225929/index.m3u8
纪录片之家字幕组,https://goodiptv.club/douyu/8834003
KBS world,https://kbsworld-ott.akamaized.net/hls/live/2002341/kbsworld/master.m3u8
江苏影视 (576p) [Not 24/7],http://183.207.248.71/gitv/live1/G_JSYS/G_JSYS
纸鸢SomniumV,https://goodiptv.club/douyu/9506782
FIFA+,https://i.mjh.nz/SamsungTVPlus/USBD12000255B.m3u8
江苏影视 (576p),http://223.110.243.134/PLTV/4/224/3221225937/index.m3u8
经典拳赛,https://goodiptv.club/douyu/9412138
Newsmax,http://nmxlive.akamaized.net/hls/live/529965/Live_1/index.m3u8
江苏教育 (576p) [Not 24/7],http://183.207.248.71/gitv/live1/G_JSJY/G_JSJY
维塔利在野外,https://goodiptv.club/douyu/9804068
Dubai One,http://dminnvll.cdn.mangomolo.com/dubaione/smil:dubaione.stream.smil/chunklist_b1800000.m3u8
江苏教育 (576p),http://223.110.245.151/ott.js.chinamobile.com/PLTV/3/224/3221225923/index.m3u8
绿阿掌,https://goodiptv.club/douyu/2365
CBN News,https://bcovlive-a.akamaihd.net/re8d9f611ee4a490a9bb59e52db91414d/us-east-1/734546207001/playlist.m3u8
江苏综艺 (576p) [Not 24/7],http://183.207.248.71/gitv/live1/G_JSZY/G_JSZY
罐装老K,https://goodiptv.club/douyu/9566210
GB News,https://i.mjh.nz/SamsungTVPlus/GBBB1600008R3.m3u8
江西卫视 (1080p),http://39.134.115.163:8080/PLTV/88888910/224/3221225705/index.m3u8
网友咸几几,https://goodiptv.club/douyu/2174405
TBS,http://143.244.60.30/TBS/index.m3u8
江西卫视 (1080p),http://39.134.115.163:8080/PLTV/88888910/224/3221225746/index.m3u8
网神影厅,https://goodiptv.club/douyu/508118
Taiwan Plus,https://bcovlive-a.akamaihd.net/rce33d845cb9e42dfa302c7ac345f7858/ap-northeast-1/6282251407001/playlist.m3u8
江西卫视 (1080p),http://112.25.48.68/live/program/live/jxwshd/4000000/mnf.m3u8
罗休休休,https://goodiptv.club/douyu/9403178
ION Plus,https://i.mjh.nz/SamsungTVPlus/USBD300003LK.m3u8
江西卫视 (1080p),http://183.207.248.71/cntv/live1/jiangxistv/jiangxistv
羊小川,https://goodiptv.club/douyu/11081842
ION,https://i.mjh.nz/SamsungTVPlus/USBD300002TU.m3u8
江西卫视 (1080p),http://183.207.249.11/PLTV/3/224/3221225536/index.m3u8
美人而已,https://goodiptv.club/douyu/5138817
Love Nature,https://d18dyiwu97wm6q.cloudfront.net/playlist2160p.m3u8
江西卫视 (1080p),http://223.110.245.170/PLTV/3/224/3221225536/index.m3u8
羽羊朩夂一,https://goodiptv.club/douyu/9533226
Disney International,http://sansat.net:88/HhPRf2nAlsVeRU9/AnzgPldGC8OHsyY/96284
江西卫视 (1080p),http://223.110.254.199:6610/cntv/live1/jiangxistv/jiangxistv/1.m3u8
羽翼天使的挽歌,https://goodiptv.club/douyu/9193179
Fight Network,https://d12a2vxqkkh1bo.cloudfront.net/hls/1080p/playlist.m3u8
江西卫视 (720p),http://117.169.120.140:8080/live/jiangxistv/.m3u8
翦瞳秋,https://goodiptv.club/douyu/9623057
&Flix HD,http://89.187.177.137:8081/&FLIX/index.m3u8
江西卫视 (576p),http://183.207.248.71/gitv/live1/JXWS/JXWS
老人家小熊猫君,https://goodiptv.club/douyu/753342
Wild Earth,https://wildearth-plex.amagi.tv/masterR1080p.m3u8
江西卫视 (576p),http://183.207.249.15/PLTV/4/224/3221225798/index.m3u8
老段带你钓青鱼,https://goodiptv.club/douyu/10105639
Wild Planet,https://i.mjh.nz/SamsungTVPlus/GBBB5000002PL.m3u8
江西卫视 (360p),http://125.210.152.18:9090/live/JXWSHD_H265.m3u8
老烟斗鬼故事,https://goodiptv.club/douyu/2337939
Clarity 4K,https://i.mjh.nz/SamsungTVPlus/USBA3800005NI.m3u8
河北公共,http://121.19.134.246:808/hls/24/index.m3u8
老王忆经典,https://goodiptv.club/douyu/9687733
Stadium,https://i.mjh.nz/SamsungTVPlus/USAJ3504705A.m3u8
河北卫视 (2160p),http://118.81.195.79:9003/hls/29/index.m3u8
老王追剧吧,https://goodiptv.club/douyu/9937291
Pop,http://streamsy.online:2999/coachj88/N93DPKS9pJ/226
河北影视,http://121.19.134.246:808/hls/22/index.m3u8
老高与小茉的死忠粉,https://goodiptv.club/douyu/236461
Tastemade,https://i.mjh.nz/SamsungTVPlus/CABD1200002T9.m3u8
河北经济,http://121.19.134.246:808/hls/20/index.m3u8
耗子像个战神,https://goodiptv.club/douyu/1557288
MovieSphere,https://i.mjh.nz/SamsungTVPlus/USBD17000117B.m3u8
河南卫视 (2160p),http://118.81.195.79:9003/hls/30/index.m3u8
肥宅小草,https://goodiptv.club/douyu/8887438
The Lego Channel,https://i.mjh.nz/SamsungTVPlus/GBBC4300005AL.m3u8
河源综合 (540p),https://tmpstream.hyrtv.cn/xwzh/sd/live.m3u8
育碧先生v,https://goodiptv.club/douyu/9505962
NextUp Live Comedy,https://i.mjh.nz/SamsungTVPlus/GBBD1100012JB.m3u8
洪雅新闻综合 (1080p),http://117.172.215.250:8083/videos/live/35/39/GQVbrgob5CGJM/GQVbrgob5CGJM.m3u8
胆子不小的郑吉祥,https://goodiptv.club/douyu/9171887
